sample_id,storm_id,timestamp,task,target,target_lower,target_upper,pressure_range,agency_count,split,pressure_jma,pressure_jtwc,pressure_cma,pressure_hko,prediction,lower,upper,lower_90,upper_90,model_key,model_label,model_color,backbone,pretrained,device,distributed,world_size
201330_2013110312_analysis-0h_png,201330,2013-11-03 12:00:00,analysis-0h,1005.0,1002.0,1008.0,6.0,2,train,1008.0,1000.0,1002.0,1004.0,986.2831292387015,962.6150155824575,1009.9512428949454,955.7248741567265,1016.8413843206764,metadata,Metadata baseline,#7C8894,,,,,
201330_2013110315_analysis-0h_png,201330,2013-11-03 15:00:00,analysis-0h,1004.0,1002.0,1006.0,4.0,2,train,1006.0,1000.0,1002.0,1004.0,991.2049700093272,967.5368563530833,1014.8730836655711,960.6467149273523,1021.7632250913022,metadata,Metadata baseline,#7C8894,,,,,
201330_2013110318_analysis-0h_png,201330,2013-11-03 18:00:00,analysis-0h,1003.0,1002.0,1004.0,2.0,2,train,1004.0,1000.0,1002.0,1004.0,994.6067179783115,970.9386043220676,1018.2748316345554,964.0484628963366,1025.1649730602865,metadata,Metadata baseline,#7C8894,,,,,
201330_2013110321_analysis-0h_png,201330,2013-11-03 21:00:00,analysis-0h,1002.0,1001.0,1003.0,2.0,2,train,1003.0,998.0,1001.0,1003.0,992.7115814178507,969.0434677616067,1016.3796950740946,962.1533263358757,1023.2698364998256,metadata,Metadata baseline,#7C8894,,,,,
201330_2013110400_analysis-0h_png,201330,2013-11-04 00:00:00,analysis-0h,1001.0,1000.0,1002.0,2.0,2,train,1002.0,996.0,1000.0,1002.0,987.3843905879482,963.7162769317043,1011.0525042441922,956.8261355059733,1017.9426456699232,metadata,Metadata baseline,#7C8894,,,,,
201330_2013110403_analysis-0h_png,201330,2013-11-04 03:00:00,analysis-0h,999.5,998.0,1001.0,3.0,2,train,1001.0,995.0,998.0,1001.0,988.300392070943,964.632278414699,1011.9685057271869,957.742136988968,1018.8586471529179,metadata,Metadata baseline,#7C8894,,,,,
201330_2013110406_analysis-0h_png,201330,2013-11-04 06:00:00,analysis-0h,997.5,995.0,1000.0,5.0,2,train,1000.0,993.0,995.0,1000.0,989.4382998224473,965.7701861662034,1013.1064134786913,958.8800447404724,1019.9965549044223,metadata,Metadata baseline,#7C8894,,,,,
201330_2013110409_analysis-0h_png,201330,2013-11-04 09:00:00,analysis-0h,996.0,993.0,999.0,6.0,2,train,999.0,991.0,993.0,999.0,989.5537620320869,965.885648375843,1013.2218756883308,958.9955069501119,1020.1120171140618,metadata,Metadata baseline,#7C8894,,,,,
201330_2013110412_analysis-0h_png,201330,2013-11-04 12:00:00,analysis-0h,994.0,990.0,998.0,8.0,2,train,998.0,989.0,990.0,998.0,985.9144624201398,962.2463487638959,1009.5825760763837,955.3562073381648,1016.4727175021147,metadata,Metadata baseline,#7C8894,,,,,
201330_2013110415_analysis-0h_png,201330,2013-11-04 15:00:00,analysis-0h,991.5,988.0,995.0,7.0,2,train,995.0,986.0,988.0,995.0,983.354236446853,959.686122790609,1007.0223501030969,952.795981364878,1013.9124915288279,metadata,Metadata baseline,#7C8894,,,,,
201330_2013110418_analysis-0h_png,201330,2013-11-04 18:00:00,analysis-0h,988.5,985.0,992.0,7.0,2,train,992.0,982.0,985.0,992.0,982.3246670983314,958.6565534420874,1005.9927807545753,951.7664120163564,1012.8829221803063,metadata,Metadata baseline,#7C8894,,,,,
201330_2013110421_analysis-0h_png,201330,2013-11-04 21:00:00,analysis-0h,986.0,983.0,989.0,6.0,2,train,989.0,976.0,983.0,989.0,983.2055364818741,959.5374228256302,1006.873650138118,952.6472813998992,1013.763791563849,metadata,Metadata baseline,#7C8894,,,,,
201330_2013110500_analysis-0h_png,201330,2013-11-05 00:00:00,analysis-0h,982.5,980.0,985.0,5.0,2,train,985.0,970.0,980.0,985.0,982.6896128013868,959.0214991451429,1006.3577264576307,952.1313577194119,1013.2478678833618,metadata,Metadata baseline,#7C8894,,,,,
201330_2013110503_analysis-0h_png,201330,2013-11-05 03:00:00,analysis-0h,979.0,975.0,983.0,8.0,2,train,983.0,969.0,975.0,983.0,983.8112627806637,960.1431491244198,1007.4793764369076,953.2530076986887,1014.3695178626386,metadata,Metadata baseline,#7C8894,,,,,
201330_2013110506_analysis-0h_png,201330,2013-11-05 06:00:00,analysis-0h,975.0,970.0,980.0,10.0,2,train,980.0,967.0,970.0,980.0,985.6886311105508,962.0205174543069,1009.3567447667947,955.1303760285758,1016.2468861925257,metadata,Metadata baseline,#7C8894,,,,,
201330_2013110509_analysis-0h_png,201330,2013-11-05 09:00:00,analysis-0h,971.5,965.0,978.0,13.0,2,train,978.0,962.0,965.0,975.0,983.0006913260443,959.3325776698003,1006.6688049822882,952.4424362440693,1013.5589464080192,metadata,Metadata baseline,#7C8894,,,,,
201330_2013110512_analysis-0h_png,201330,2013-11-05 12:00:00,analysis-0h,967.5,960.0,975.0,15.0,2,train,975.0,956.0,960.0,970.0,981.231097216798,957.5629835605541,1004.899210873042,950.6728421348231,1011.789352298773,metadata,Metadata baseline,#7C8894,,,,,
201330_2013110515_analysis-0h_png,201330,2013-11-05 15:00:00,analysis-0h,962.5,955.0,970.0,15.0,2,train,970.0,949.0,955.0,963.0,981.0974290195757,957.4293153633317,1004.7655426758196,950.5391739376007,1011.6556841015506,metadata,Metadata baseline,#7C8894,,,,,
201330_2013110518_analysis-0h_png,201330,2013-11-05 18:00:00,analysis-0h,957.5,950.0,965.0,15.0,2,train,965.0,941.0,950.0,955.0,980.0238334724718,956.3557198162279,1003.6919471287157,949.4655783904968,1010.5820885544467,metadata,Metadata baseline,#7C8894,,,,,
201330_2013110521_analysis-0h_png,201330,2013-11-05 21:00:00,analysis-0h,950.5,943.0,958.0,15.0,2,train,958.0,934.0,943.0,943.0,980.5186089226269,956.850495266383,1004.1867225788708,949.9603538406519,1011.0768640046018,metadata,Metadata baseline,#7C8894,,,,,
201330_2013110600_analysis-0h_png,201330,2013-11-06 00:00:00,analysis-0h,942.5,935.0,950.0,15.0,2,train,950.0,926.0,935.0,930.0,979.8554745342382,956.1873608779943,1003.5235881904821,949.2972194522632,1010.4137296162131,metadata,Metadata baseline,#7C8894,,,,,
201330_2013110603_analysis-0h_png,201330,2013-11-06 03:00:00,analysis-0h,937.5,935.0,940.0,5.0,2,train,940.0,924.0,935.0,925.0,980.0330896093469,956.364975953103,1003.7012032655908,949.474834527372,1010.5913446913219,metadata,Metadata baseline,#7C8894,,,,,
201330_2013110606_analysis-0h_png,201330,2013-11-06 06:00:00,analysis-0h,932.5,930.0,935.0,5.0,2,train,930.0,922.0,935.0,920.0,979.4498500927593,955.7817364365154,1003.1179637490033,948.8915950107844,1010.0081051747343,metadata,Metadata baseline,#7C8894,,,,,
201330_2013110609_analysis-0h_png,201330,2013-11-06 09:00:00,analysis-0h,926.5,925.0,928.0,3.0,2,train,925.0,917.0,928.0,915.0,979.8116750768384,956.1435614205944,1003.4797887330823,949.2534199948634,1010.3699301588133,metadata,Metadata baseline,#7C8894,,,,,
201330_2013110612_analysis-0h_png,201330,2013-11-06 12:00:00,analysis-0h,920.0,920.0,920.0,0.0,2,train,920.0,911.0,920.0,910.0,979.8211360016141,956.1530223453702,1003.4892496578581,949.2628809196392,1010.3793910835891,metadata,Metadata baseline,#7C8894,,,,,
201330_2013110615_analysis-0h_png,201330,2013-11-06 15:00:00,analysis-0h,916.5,913.0,920.0,7.0,2,train,913.0,909.0,920.0,905.0,979.338363368946,955.6702497127021,1003.00647702519,948.7801082869711,1009.896618450921,metadata,Metadata baseline,#7C8894,,,,,
201330_2013110618_analysis-0h_png,201330,2013-11-06 18:00:00,analysis-0h,912.5,905.0,920.0,15.0,2,train,905.0,907.0,920.0,900.0,980.2016473463599,956.533533690116,1003.8697610026038,949.6433922643849,1010.7599024283348,metadata,Metadata baseline,#7C8894,,,,,
201330_2013110621_analysis-0h_png,201330,2013-11-06 21:00:00,analysis-0h,910.0,905.0,915.0,10.0,2,train,905.0,907.0,915.0,898.0,978.740931057111,955.072817400867,1002.4090447133549,948.182675975136,1009.2991861390859,metadata,Metadata baseline,#7C8894,,,,,
201330_2013110700_analysis-0h_png,201330,2013-11-07 00:00:00,analysis-0h,907.5,905.0,910.0,5.0,2,train,905.0,907.0,910.0,895.0,978.3724059138049,954.704292257561,1002.0405195700488,947.8141508318299,1008.9306609957798,metadata,Metadata baseline,#7C8894,,,,,
201330_2013110703_analysis-0h_png,201330,2013-11-07 03:00:00,analysis-0h,906.5,905.0,908.0,3.0,2,train,905.0,905.0,908.0,895.0,978.8635487986229,955.195435142379,1002.5316624548668,948.305293716648,1009.4218038805978,metadata,Metadata baseline,#7C8894,,,,,
201330_2013110706_analysis-0h_png,201330,2013-11-07 06:00:00,analysis-0h,905.0,905.0,905.0,0.0,2,train,905.0,903.0,905.0,895.0,979.814904806489,956.1467911502451,1003.483018462733,949.2566497245141,1010.373159888464,metadata,Metadata baseline,#7C8894,,,,,
201330_2013110709_analysis-0h_png,201330,2013-11-07 09:00:00,analysis-0h,900.0,900.0,900.0,0.0,2,train,900.0,899.0,900.0,895.0,981.6581582111846,957.9900445549407,1005.3262718674285,951.0999031292097,1012.2164132931596,metadata,Metadata baseline,#7C8894,,,,,
201330_2013110712_analysis-0h_png,201330,2013-11-07 12:00:00,analysis-0h,895.0,895.0,895.0,0.0,2,train,895.0,895.0,895.0,895.0,972.6674659650323,948.9993523087884,996.3355796212762,942.1092108830574,1003.2257210470073,metadata,Metadata baseline,#7C8894,,,,,
201330_2013110715_analysis-0h_png,201330,2013-11-07 15:00:00,analysis-0h,894.0,893.0,895.0,2.0,2,train,895.0,895.0,893.0,893.0,978.8428811228205,955.1747674665766,1002.5109947790644,948.2846260408455,1009.4011362047954,metadata,Metadata baseline,#7C8894,,,,,
201330_2013110718_analysis-0h_png,201330,2013-11-07 18:00:00,analysis-0h,892.5,890.0,895.0,5.0,2,train,895.0,895.0,890.0,890.0,983.4360563328197,959.7679426765758,1007.1041699890636,952.8778012508448,1013.9943114147947,metadata,Metadata baseline,#7C8894,,,,,
201330_2013110721_analysis-0h_png,201330,2013-11-07 21:00:00,analysis-0h,899.0,895.0,903.0,8.0,2,train,903.0,897.0,895.0,895.0,980.6760472637835,957.0079336075396,1004.3441609200274,950.1177921818086,1011.2343023457585,metadata,Metadata baseline,#7C8894,,,,,
201330_2013110800_analysis-0h_png,201330,2013-11-08 00:00:00,analysis-0h,905.0,900.0,910.0,10.0,2,train,910.0,899.0,900.0,900.0,981.8960294220014,958.2279157657575,1005.5641430782454,951.3377743400265,1012.4542845039764,metadata,Metadata baseline,#7C8894,,,,,
201330_2013110803_analysis-0h_png,201330,2013-11-08 03:00:00,analysis-0h,920.0,915.0,925.0,10.0,2,train,925.0,907.0,915.0,905.0,981.4631951646709,957.795081508427,1005.1313088209148,950.9049400826959,1012.0214502466458,metadata,Metadata baseline,#7C8894,,,,,
201330_2013110806_analysis-0h_png,201330,2013-11-08 06:00:00,analysis-0h,935.0,930.0,940.0,10.0,2,train,940.0,914.0,930.0,910.0,983.2536639754652,959.5855503192213,1006.9217776317091,952.6954088934903,1013.8119190574402,metadata,Metadata baseline,#7C8894,,,,,
201330_2013110809_analysis-0h_png,201330,2013-11-08 09:00:00,analysis-0h,937.5,935.0,940.0,5.0,2,train,940.0,920.0,935.0,913.0,982.5646834772662,958.8965698210222,1006.2327971335101,952.0064283952912,1013.1229385592411,metadata,Metadata baseline,#7C8894,,,,,
201330_2013110812_analysis-0h_png,201330,2013-11-08 12:00:00,analysis-0h,940.0,940.0,940.0,0.0,2,train,940.0,926.0,940.0,915.0,985.8267025245009,962.158588868257,1009.4948161807448,955.2684474425259,1016.3849576064758,metadata,Metadata baseline,#7C8894,,,,,
201330_2013110815_analysis-0h_png,201330,2013-11-08 15:00:00,analysis-0h,942.5,940.0,945.0,5.0,2,train,940.0,930.0,945.0,920.0,985.4261593285656,961.7580456723217,1009.0942729848095,954.8679042465907,1015.9844144105406,metadata,Metadata baseline,#7C8894,,,,,
201330_2013110818_analysis-0h_png,201330,2013-11-08 18:00:00,analysis-0h,945.0,940.0,950.0,10.0,2,train,940.0,933.0,950.0,925.0,990.1029223055988,966.4348086493549,1013.7710359618427,959.5446672236238,1020.6611773875737,metadata,Metadata baseline,#7C8894,,,,,
201330_2013110821_analysis-0h_png,201330,2013-11-08 21:00:00,analysis-0h,945.0,940.0,950.0,10.0,2,train,940.0,935.0,950.0,930.0,987.1952218363708,963.5271081801269,1010.8633354926147,956.6369667543959,1017.7534769183458,metadata,Metadata baseline,#7C8894,,,,,
201330_2013110900_analysis-0h_png,201330,2013-11-09 00:00:00,analysis-0h,945.0,940.0,950.0,10.0,2,train,940.0,937.0,950.0,935.0,985.6475068627426,961.9793932064987,1009.3156205189865,955.0892517807677,1016.2057619447176,metadata,Metadata baseline,#7C8894,,,,,
201330_2013110903_analysis-0h_png,201330,2013-11-09 03:00:00,analysis-0h,945.0,940.0,950.0,10.0,2,train,940.0,941.0,950.0,935.0,986.7892582457183,963.1211445894744,1010.4573719019622,956.2310031637434,1017.3475133276933,metadata,Metadata baseline,#7C8894,,,,,
201330_2013110906_analysis-0h_png,201330,2013-11-09 06:00:00,analysis-0h,945.0,940.0,950.0,10.0,2,train,940.0,944.0,950.0,935.0,986.8015822913185,963.1334686350746,1010.4696959475624,956.2433272093435,1017.3598373732934,metadata,Metadata baseline,#7C8894,,,,,
201330_2013110909_analysis-0h_png,201330,2013-11-09 09:00:00,analysis-0h,946.5,943.0,950.0,7.0,2,train,943.0,946.0,950.0,938.0,988.3284286215259,964.6603149652819,1011.9965422777698,957.7701735395509,1018.8866837035008,metadata,Metadata baseline,#7C8894,,,,,
201330_2013110912_analysis-0h_png,201330,2013-11-09 12:00:00,analysis-0h,947.5,945.0,950.0,5.0,2,train,945.0,948.0,950.0,940.0,988.3693765478962,964.7012628916523,1012.0374902041401,957.8111214659212,1018.9276316298711,metadata,Metadata baseline,#7C8894,,,,,
201330_2013110915_analysis-0h_png,201330,2013-11-09 15:00:00,analysis-0h,949.0,948.0,950.0,2.0,2,train,948.0,950.0,950.0,945.0,984.5736675739668,960.9055539177228,1008.2417812302107,954.0154124919918,1015.1319226559417,metadata,Metadata baseline,#7C8894,,,,,
201330_2013110918_analysis-0h_png,201330,2013-11-09 18:00:00,analysis-0h,950.0,950.0,950.0,0.0,2,train,950.0,952.0,950.0,950.0,986.2794551104333,962.6113414541894,1009.9475687666773,955.7212000284584,1016.8377101924083,metadata,Metadata baseline,#7C8894,,,,,
201330_2013110921_analysis-0h_png,201330,2013-11-09 21:00:00,analysis-0h,953.0,953.0,953.0,0.0,2,train,953.0,954.0,953.0,953.0,984.5265525559297,960.8584388996858,1008.1946662121736,953.9682974739547,1015.0848076379046,metadata,Metadata baseline,#7C8894,,,,,
201330_2013111000_analysis-0h_png,201330,2013-11-10 00:00:00,analysis-0h,955.0,955.0,955.0,0.0,2,train,955.0,956.0,955.0,955.0,984.4836438026056,960.8155301463617,1008.1517574588495,953.9253887206306,1015.0418988845805,metadata,Metadata baseline,#7C8894,,,,,
201330_2013111003_analysis-0h_png,201330,2013-11-10 03:00:00,analysis-0h,958.0,958.0,958.0,0.0,2,train,958.0,960.0,958.0,955.0,984.2977635146536,960.6296498584097,1007.9658771708976,953.7395084326787,1014.8560185966286,metadata,Metadata baseline,#7C8894,,,,,
201330_2013111006_analysis-0h_png,201330,2013-11-10 06:00:00,analysis-0h,960.0,960.0,960.0,0.0,2,train,960.0,963.0,960.0,955.0,986.4989716375457,962.8308579813017,1010.1670852937896,955.9407165555707,1017.0572267195206,metadata,Metadata baseline,#7C8894,,,,,
201330_2013111009_analysis-0h_png,201330,2013-11-10 09:00:00,analysis-0h,963.0,963.0,963.0,0.0,2,train,963.0,963.0,963.0,955.0,986.0833821505632,962.4152684943193,1009.7514958068072,955.5251270685883,1016.6416372325382,metadata,Metadata baseline,#7C8894,,,,,
201330_2013111012_analysis-0h_png,201330,2013-11-10 12:00:00,analysis-0h,965.0,965.0,965.0,0.0,2,train,965.0,963.0,965.0,955.0,989.7657408529451,966.0976271967012,1013.433854509189,959.2074857709702,1020.32399593492,metadata,Metadata baseline,#7C8894,,,,,
201330_2013111015_analysis-0h_png,201330,2013-11-10 15:00:00,analysis-0h,970.0,970.0,970.0,0.0,2,train,970.0,967.0,970.0,963.0,985.8415071855153,962.1733935292714,1009.5096208417592,955.2832521035403,1016.3997622674902,metadata,Metadata baseline,#7C8894,,,,,
201330_2013111018_analysis-0h_png,201330,2013-11-10 18:00:00,analysis-0h,975.0,975.0,975.0,0.0,2,train,975.0,970.0,975.0,970.0,984.4244446230409,960.756330966797,1008.0925582792848,953.866189541066,1014.9826997050159,metadata,Metadata baseline,#7C8894,,,,,
201330_2013111021_analysis-0h_png,201330,2013-11-10 21:00:00,analysis-0h,980.5,978.0,983.0,5.0,2,train,983.0,974.0,978.0,973.0,985.5815937385294,961.9134800822854,1009.2497073947733,955.0233386565544,1016.1398488205043,metadata,Metadata baseline,#7C8894,,,,,
201330_2013111100_analysis-0h_png,201330,2013-11-11 00:00:00,analysis-0h,985.0,980.0,990.0,10.0,2,train,990.0,978.0,980.0,975.0,989.7251057992156,966.0569921429717,1013.3932194554595,959.1668507172407,1020.2833608811906,metadata,Metadata baseline,#7C8894,,,,,
201330_2013111103_analysis-0h_png,201330,2013-11-11 03:00:00,analysis-0h,992.5,988.0,997.0,9.0,2,train,997.0,984.0,988.0,980.0,992.1180570193192,968.4499433630752,1015.7861706755631,961.5598019373442,1022.6763121012941,metadata,Metadata baseline,#7C8894,,,,,
201330_2013111106_analysis-0h_png,201330,2013-11-11 06:00:00,analysis-0h,999.5,995.0,1004.0,9.0,2,train,1004.0,989.0,995.0,984.0,995.6481294822125,971.9800158259686,1019.3162431384565,965.0898744002376,1026.2063845641876,metadata,Metadata baseline,#7C8894,,,,,
201330_2013110509_analysis-0h_png,201330,2013-11-05 09:00:00,analysis-0h,971.5,965.0,978.0,13.0,2,train,978.0,962.0,965.0,975.0,981.3018798828125,955.5612182617188,1007.0425415039062,963.8164672851562,998.7872924804688,torch_image_resnet18_ascend,Image-only (ResNet18),#2E6F95,resnet18,False,npu,False,1.0
201330_2013110900_analysis-0h_png,201330,2013-11-09 00:00:00,analysis-0h,945.0,940.0,950.0,10.0,2,train,940.0,937.0,950.0,935.0,968.1846923828125,942.4440307617188,993.9253540039062,950.6992797851562,985.6701049804688,torch_image_resnet18_ascend,Image-only (ResNet18),#2E6F95,resnet18,False,npu,False,1.0
201330_2013110406_analysis-0h_png,201330,2013-11-04 06:00:00,analysis-0h,997.5,995.0,1000.0,5.0,2,train,1000.0,993.0,995.0,1000.0,999.178955078125,973.4382934570312,1024.9195556640625,981.6935424804688,1016.6643676757812,torch_image_resnet18_ascend,Image-only (ResNet18),#2E6F95,resnet18,False,npu,False,1.0
201330_2013110915_analysis-0h_png,201330,2013-11-09 15:00:00,analysis-0h,949.0,948.0,950.0,2.0,2,train,948.0,950.0,950.0,945.0,966.8317260742188,941.091064453125,992.5723876953125,949.3463134765625,984.317138671875,torch_image_resnet18_ascend,Image-only (ResNet18),#2E6F95,resnet18,False,npu,False,1.0
201330_2013110912_analysis-0h_png,201330,2013-11-09 12:00:00,analysis-0h,947.5,945.0,950.0,5.0,2,train,945.0,948.0,950.0,940.0,960.38232421875,934.6416625976562,986.1229858398438,942.8969116210938,977.8677368164062,torch_image_resnet18_ascend,Image-only (ResNet18),#2E6F95,resnet18,False,npu,False,1.0
201330_2013110515_analysis-0h_png,201330,2013-11-05 15:00:00,analysis-0h,962.5,955.0,970.0,15.0,2,train,970.0,949.0,955.0,963.0,978.576416015625,952.8357543945312,1004.3170776367188,961.0910034179688,996.0618286132812,torch_image_resnet18_ascend,Image-only (ResNet18),#2E6F95,resnet18,False,npu,False,1.0
201330_2013110612_analysis-0h_png,201330,2013-11-06 12:00:00,analysis-0h,920.0,920.0,920.0,0.0,2,train,920.0,911.0,920.0,910.0,939.88037109375,914.1397094726562,965.6210327148438,922.3949584960938,957.3657836914062,torch_image_resnet18_ascend,Image-only (ResNet18),#2E6F95,resnet18,False,npu,False,1.0
201330_2013110421_analysis-0h_png,201330,2013-11-04 21:00:00,analysis-0h,986.0,983.0,989.0,6.0,2,train,989.0,976.0,983.0,989.0,992.5996704101562,966.8590087890625,1018.34033203125,975.1142578125,1010.0850830078125,torch_image_resnet18_ascend,Image-only (ResNet18),#2E6F95,resnet18,False,npu,False,1.0
201330_2013110806_analysis-0h_png,201330,2013-11-08 06:00:00,analysis-0h,935.0,930.0,940.0,10.0,2,train,940.0,914.0,930.0,910.0,960.3644409179688,934.623779296875,986.1051025390625,942.8790283203125,977.849853515625,torch_image_resnet18_ascend,Image-only (ResNet18),#2E6F95,resnet18,False,npu,False,1.0
201330_2013110921_analysis-0h_png,201330,2013-11-09 21:00:00,analysis-0h,953.0,953.0,953.0,0.0,2,train,953.0,954.0,953.0,953.0,967.94921875,942.2085571289062,993.6898803710938,950.4638061523438,985.4346313476562,torch_image_resnet18_ascend,Image-only (ResNet18),#2E6F95,resnet18,False,npu,False,1.0
201330_2013110603_analysis-0h_png,201330,2013-11-06 03:00:00,analysis-0h,937.5,935.0,940.0,5.0,2,train,940.0,924.0,935.0,925.0,947.8118896484375,922.0712280273438,973.5525512695312,930.3264770507812,965.2973022460938,torch_image_resnet18_ascend,Image-only (ResNet18),#2E6F95,resnet18,False,npu,False,1.0
201330_2013110512_analysis-0h_png,201330,2013-11-05 12:00:00,analysis-0h,967.5,960.0,975.0,15.0,2,train,975.0,956.0,960.0,970.0,979.3751220703125,953.6344604492188,1005.1157836914062,961.8897094726562,996.8605346679688,torch_image_resnet18_ascend,Image-only (ResNet18),#2E6F95,resnet18,False,npu,False,1.0
201330_2013110815_analysis-0h_png,201330,2013-11-08 15:00:00,analysis-0h,942.5,940.0,945.0,5.0,2,train,940.0,930.0,945.0,920.0,956.6058959960938,930.865234375,982.3465576171875,939.1204833984375,974.09130859375,torch_image_resnet18_ascend,Image-only (ResNet18),#2E6F95,resnet18,False,npu,False,1.0
201330_2013110809_analysis-0h_png,201330,2013-11-08 09:00:00,analysis-0h,937.5,935.0,940.0,5.0,2,train,940.0,920.0,935.0,913.0,967.0072631835938,941.2666015625,992.7479248046875,949.5218505859375,984.49267578125,torch_image_resnet18_ascend,Image-only (ResNet18),#2E6F95,resnet18,False,npu,False,1.0
201330_2013110500_analysis-0h_png,201330,2013-11-05 00:00:00,analysis-0h,982.5,980.0,985.0,5.0,2,train,985.0,970.0,980.0,985.0,992.72900390625,966.9883422851562,1018.4696655273438,975.2435913085938,1010.2144165039062,torch_image_resnet18_ascend,Image-only (ResNet18),#2E6F95,resnet18,False,npu,False,1.0
201330_2013110609_analysis-0h_png,201330,2013-11-06 09:00:00,analysis-0h,926.5,925.0,928.0,3.0,2,train,925.0,917.0,928.0,915.0,945.18017578125,919.4395141601562,970.9208374023438,927.6947631835938,962.6655883789062,torch_image_resnet18_ascend,Image-only (ResNet18),#2E6F95,resnet18,False,npu,False,1.0
201330_2013111003_analysis-0h_png,201330,2013-11-10 03:00:00,analysis-0h,958.0,958.0,958.0,0.0,2,train,958.0,960.0,958.0,955.0,960.1826171875,934.4419555664062,985.9232788085938,942.6972045898438,977.6680297851562,torch_image_resnet18_ascend,Image-only (ResNet18),#2E6F95,resnet18,False,npu,False,1.0
201330_2013110618_analysis-0h_png,201330,2013-11-06 18:00:00,analysis-0h,912.5,905.0,920.0,15.0,2,train,905.0,907.0,920.0,900.0,932.8314208984375,907.0907592773438,958.5720825195312,915.3460083007812,950.3168334960938,torch_image_resnet18_ascend,Image-only (ResNet18),#2E6F95,resnet18,False,npu,False,1.0
201330_2013111009_analysis-0h_png,201330,2013-11-10 09:00:00,analysis-0h,963.0,963.0,963.0,0.0,2,train,963.0,963.0,963.0,955.0,955.2711791992188,929.530517578125,981.0118408203125,937.7857666015625,972.756591796875,torch_image_resnet18_ascend,Image-only (ResNet18),#2E6F95,resnet18,False,npu,False,1.0
201330_2013110415_analysis-0h_png,201330,2013-11-04 15:00:00,analysis-0h,991.5,988.0,995.0,7.0,2,train,995.0,986.0,988.0,995.0,996.4837036132812,970.7430419921875,1022.224365234375,978.998291015625,1013.9691162109375,torch_image_resnet18_ascend,Image-only (ResNet18),#2E6F95,resnet18,False,npu,False,1.0
201330_2013110521_analysis-0h_png,201330,2013-11-05 21:00:00,analysis-0h,950.5,943.0,958.0,15.0,2,train,958.0,934.0,943.0,943.0,960.3289794921875,934.5883178710938,986.0696411132812,942.8435668945312,977.8143920898438,torch_image_resnet18_ascend,Image-only (ResNet18),#2E6F95,resnet18,False,npu,False,1.0
201330_2013110321_analysis-0h_png,201330,2013-11-03 21:00:00,analysis-0h,1002.0,1001.0,1003.0,2.0,2,train,1003.0,998.0,1001.0,1003.0,996.0838012695312,970.3431396484375,1021.824462890625,978.598388671875,1013.5692138671875,torch_image_resnet18_ascend,Image-only (ResNet18),#2E6F95,resnet18,False,npu,False,1.0
201330_2013111018_analysis-0h_png,201330,2013-11-10 18:00:00,analysis-0h,975.0,975.0,975.0,0.0,2,train,975.0,970.0,975.0,970.0,961.5947875976562,935.8541259765625,987.33544921875,944.109375,979.0802001953125,torch_image_resnet18_ascend,Image-only (ResNet18),#2E6F95,resnet18,False,npu,False,1.0
201330_2013111103_analysis-0h_png,201330,2013-11-11 03:00:00,analysis-0h,992.5,988.0,997.0,9.0,2,train,997.0,984.0,988.0,980.0,976.529541015625,950.7888793945312,1002.2702026367188,959.0441284179688,994.0149536132812,torch_image_resnet18_ascend,Image-only (ResNet18),#2E6F95,resnet18,False,npu,False,1.0
201330_2013111012_analysis-0h_png,201330,2013-11-10 12:00:00,analysis-0h,965.0,965.0,965.0,0.0,2,train,965.0,963.0,965.0,955.0,956.6107788085938,930.8701171875,982.3514404296875,939.1253662109375,974.09619140625,torch_image_resnet18_ascend,Image-only (ResNet18),#2E6F95,resnet18,False,npu,False,1.0
201330_2013110700_analysis-0h_png,201330,2013-11-07 00:00:00,analysis-0h,907.5,905.0,910.0,5.0,2,train,905.0,907.0,910.0,895.0,933.13916015625,907.3984985351562,958.8798217773438,915.6537475585938,950.6245727539062,torch_image_resnet18_ascend,Image-only (ResNet18),#2E6F95,resnet18,False,npu,False,1.0
201330_2013110318_analysis-0h_png,201330,2013-11-03 18:00:00,analysis-0h,1003.0,1002.0,1004.0,2.0,2,train,1004.0,1000.0,1002.0,1004.0,996.272705078125,970.5320434570312,1022.0133666992188,978.7872924804688,1013.7581176757812,torch_image_resnet18_ascend,Image-only (ResNet18),#2E6F95,resnet18,False,npu,False,1.0
201330_2013110503_analysis-0h_png,201330,2013-11-05 03:00:00,analysis-0h,979.0,975.0,983.0,8.0,2,train,983.0,969.0,975.0,983.0,989.2822875976562,963.5416259765625,1015.02294921875,971.796875,1006.7677001953125,torch_image_resnet18_ascend,Image-only (ResNet18),#2E6F95,resnet18,False,npu,False,1.0
201330_2013110712_analysis-0h_png,201330,2013-11-07 12:00:00,analysis-0h,895.0,895.0,895.0,0.0,2,train,895.0,895.0,895.0,895.0,926.86083984375,901.1201782226562,952.6015014648438,909.3754272460938,944.3462524414062,torch_image_resnet18_ascend,Image-only (ResNet18),#2E6F95,resnet18,False,npu,False,1.0
201330_2013111021_analysis-0h_png,201330,2013-11-10 21:00:00,analysis-0h,980.5,978.0,983.0,5.0,2,train,983.0,974.0,978.0,973.0,965.28466796875,939.5440063476562,991.0253295898438,947.7992553710938,982.7700805664062,torch_image_resnet18_ascend,Image-only (ResNet18),#2E6F95,resnet18,False,npu,False,1.0
201330_2013110812_analysis-0h_png,201330,2013-11-08 12:00:00,analysis-0h,940.0,940.0,940.0,0.0,2,train,940.0,926.0,940.0,915.0,962.8626098632812,937.1219482421875,988.603271484375,945.377197265625,980.3480224609375,torch_image_resnet18_ascend,Image-only (ResNet18),#2E6F95,resnet18,False,npu,False,1.0
201330_2013110703_analysis-0h_png,201330,2013-11-07 03:00:00,analysis-0h,906.5,905.0,908.0,3.0,2,train,905.0,905.0,908.0,895.0,931.0404663085938,905.2998046875,956.7811279296875,913.5550537109375,948.52587890625,torch_image_resnet18_ascend,Image-only (ResNet18),#2E6F95,resnet18,False,npu,False,1.0
201330_2013110506_analysis-0h_png,201330,2013-11-05 06:00:00,analysis-0h,975.0,970.0,980.0,10.0,2,train,980.0,967.0,970.0,980.0,987.062744140625,961.3220825195312,1012.8034057617188,969.5773315429688,1004.5481567382812,torch_image_resnet18_ascend,Image-only (ResNet18),#2E6F95,resnet18,False,npu,False,1.0
201330_2013110709_analysis-0h_png,201330,2013-11-07 09:00:00,analysis-0h,900.0,900.0,900.0,0.0,2,train,900.0,899.0,900.0,895.0,928.2088012695312,902.4681396484375,953.949462890625,910.723388671875,945.6942138671875,torch_image_resnet18_ascend,Image-only (ResNet18),#2E6F95,resnet18,False,npu,False,1.0
201330_2013110403_analysis-0h_png,201330,2013-11-04 03:00:00,analysis-0h,999.5,998.0,1001.0,3.0,2,train,1001.0,995.0,998.0,1001.0,998.2611083984375,972.5204467773438,1024.001708984375,980.7756958007812,1015.7465209960938,torch_image_resnet18_ascend,Image-only (ResNet18),#2E6F95,resnet18,False,npu,False,1.0
201330_2013110412_analysis-0h_png,201330,2013-11-04 12:00:00,analysis-0h,994.0,990.0,998.0,8.0,2,train,998.0,989.0,990.0,998.0,989.4371337890625,963.6964721679688,1015.1777954101562,971.9517211914062,1006.9225463867188,torch_image_resnet18_ascend,Image-only (ResNet18),#2E6F95,resnet18,False,npu,False,1.0
201330_2013110615_analysis-0h_png,201330,2013-11-06 15:00:00,analysis-0h,916.5,913.0,920.0,7.0,2,train,913.0,909.0,920.0,905.0,933.5858764648438,907.84521484375,959.3265380859375,916.1004638671875,951.0712890625,torch_image_resnet18_ascend,Image-only (ResNet18),#2E6F95,resnet18,False,npu,False,1.0
201330_2013111106_analysis-0h_png,201330,2013-11-11 06:00:00,analysis-0h,999.5,995.0,1004.0,9.0,2,train,1004.0,989.0,995.0,984.0,978.175048828125,952.4343872070312,1003.9157104492188,960.6896362304688,995.6604614257812,torch_image_resnet18_ascend,Image-only (ResNet18),#2E6F95,resnet18,False,npu,False,1.0
201330_2013110821_analysis-0h_png,201330,2013-11-08 21:00:00,analysis-0h,945.0,940.0,950.0,10.0,2,train,940.0,935.0,950.0,930.0,966.043212890625,940.3025512695312,991.7838745117188,948.5578002929688,983.5286254882812,torch_image_resnet18_ascend,Image-only (ResNet18),#2E6F95,resnet18,False,npu,False,1.0
201330_2013110418_analysis-0h_png,201330,2013-11-04 18:00:00,analysis-0h,988.5,985.0,992.0,7.0,2,train,992.0,982.0,985.0,992.0,993.674560546875,967.9338989257812,1019.4152221679688,976.1891479492188,1011.1599731445312,torch_image_resnet18_ascend,Image-only (ResNet18),#2E6F95,resnet18,False,npu,False,1.0
201330_2013111000_analysis-0h_png,201330,2013-11-10 00:00:00,analysis-0h,955.0,955.0,955.0,0.0,2,train,955.0,956.0,955.0,955.0,963.3640747070312,937.6234130859375,989.104736328125,945.878662109375,980.8494873046875,torch_image_resnet18_ascend,Image-only (ResNet18),#2E6F95,resnet18,False,npu,False,1.0
201330_2013110600_analysis-0h_png,201330,2013-11-06 00:00:00,analysis-0h,942.5,935.0,950.0,15.0,2,train,950.0,926.0,935.0,930.0,950.8799438476562,925.1392822265625,976.62060546875,933.39453125,968.3653564453125,torch_image_resnet18_ascend,Image-only (ResNet18),#2E6F95,resnet18,False,npu,False,1.0
201330_2013110518_analysis-0h_png,201330,2013-11-05 18:00:00,analysis-0h,957.5,950.0,965.0,15.0,2,train,965.0,941.0,950.0,955.0,971.2476196289062,945.5069580078125,996.98828125,953.76220703125,988.7330322265625,torch_image_resnet18_ascend,Image-only (ResNet18),#2E6F95,resnet18,False,npu,False,1.0
201330_2013110400_analysis-0h_png,201330,2013-11-04 00:00:00,analysis-0h,1001.0,1000.0,1002.0,2.0,2,train,1002.0,996.0,1000.0,1002.0,995.0523071289062,969.3116455078125,1020.79296875,977.56689453125,1012.5377197265625,torch_image_resnet18_ascend,Image-only (ResNet18),#2E6F95,resnet18,False,npu,False,1.0
201330_2013110718_analysis-0h_png,201330,2013-11-07 18:00:00,analysis-0h,892.5,890.0,895.0,5.0,2,train,895.0,895.0,890.0,890.0,924.5546264648438,898.81396484375,950.2952880859375,907.0692138671875,942.0400390625,torch_image_resnet18_ascend,Image-only (ResNet18),#2E6F95,resnet18,False,npu,False,1.0
201330_2013110909_analysis-0h_png,201330,2013-11-09 09:00:00,analysis-0h,946.5,943.0,950.0,7.0,2,train,943.0,946.0,950.0,938.0,957.0960083007812,931.3553466796875,982.836669921875,939.610595703125,974.5814208984375,torch_image_resnet18_ascend,Image-only (ResNet18),#2E6F95,resnet18,False,npu,False,1.0
201330_2013110803_analysis-0h_png,201330,2013-11-08 03:00:00,analysis-0h,920.0,915.0,925.0,10.0,2,train,925.0,907.0,915.0,905.0,942.3724365234375,916.6317749023438,968.1130981445312,924.8870239257812,959.8578491210938,torch_image_resnet18_ascend,Image-only (ResNet18),#2E6F95,resnet18,False,npu,False,1.0
201330_2013110315_analysis-0h_png,201330,2013-11-03 15:00:00,analysis-0h,1004.0,1002.0,1006.0,4.0,2,train,1006.0,1000.0,1002.0,1004.0,997.031005859375,971.2903442382812,1022.7716674804688,979.5455932617188,1014.5164184570312,torch_image_resnet18_ascend,Image-only (ResNet18),#2E6F95,resnet18,False,npu,False,1.0
201330_2013111006_analysis-0h_png,201330,2013-11-10 06:00:00,analysis-0h,960.0,960.0,960.0,0.0,2,train,960.0,963.0,960.0,955.0,959.3775634765625,933.6369018554688,985.1182250976562,941.8921508789062,976.8629760742188,torch_image_resnet18_ascend,Image-only (ResNet18),#2E6F95,resnet18,False,npu,False,1.0
201330_2013111100_analysis-0h_png,201330,2013-11-11 00:00:00,analysis-0h,985.0,980.0,990.0,10.0,2,train,990.0,978.0,980.0,975.0,969.1585693359375,943.4179077148438,994.8992309570312,951.6731567382812,986.6439819335938,torch_image_resnet18_ascend,Image-only (ResNet18),#2E6F95,resnet18,False,npu,False,1.0
201330_2013110409_analysis-0h_png,201330,2013-11-04 09:00:00,analysis-0h,996.0,993.0,999.0,6.0,2,train,999.0,991.0,993.0,999.0,990.5708618164062,964.8302001953125,1016.3115234375,973.08544921875,1008.0562744140625,torch_image_resnet18_ascend,Image-only (ResNet18),#2E6F95,resnet18,False,npu,False,1.0
201330_2013110903_analysis-0h_png,201330,2013-11-09 03:00:00,analysis-0h,945.0,940.0,950.0,10.0,2,train,940.0,941.0,950.0,935.0,971.4803466796875,945.7396850585938,997.2210083007812,953.9949340820312,988.9657592773438,torch_image_resnet18_ascend,Image-only (ResNet18),#2E6F95,resnet18,False,npu,False,1.0
201330_2013111015_analysis-0h_png,201330,2013-11-10 15:00:00,analysis-0h,970.0,970.0,970.0,0.0,2,train,970.0,967.0,970.0,963.0,957.3860473632812,931.6453857421875,983.126708984375,939.900634765625,974.8714599609375,torch_image_resnet18_ascend,Image-only (ResNet18),#2E6F95,resnet18,False,npu,False,1.0
201330_2013110800_analysis-0h_png,201330,2013-11-08 00:00:00,analysis-0h,905.0,900.0,910.0,10.0,2,train,910.0,899.0,900.0,900.0,928.110595703125,902.3699340820312,953.8512573242188,910.6251831054688,945.5960083007812,torch_image_resnet18_ascend,Image-only (ResNet18),#2E6F95,resnet18,False,npu,False,1.0
201330_2013110715_analysis-0h_png,201330,2013-11-07 15:00:00,analysis-0h,894.0,893.0,895.0,2.0,2,train,895.0,895.0,893.0,893.0,924.8863525390625,899.1456909179688,950.6270141601562,907.4009399414062,942.3717651367188,torch_image_resnet18_ascend,Image-only (ResNet18),#2E6F95,resnet18,False,npu,False,1.0
201330_2013110721_analysis-0h_png,201330,2013-11-07 21:00:00,analysis-0h,899.0,895.0,903.0,8.0,2,train,903.0,897.0,895.0,895.0,925.9537963867188,900.213134765625,951.6944580078125,908.4683837890625,943.439208984375,torch_image_resnet18_ascend,Image-only (ResNet18),#2E6F95,resnet18,False,npu,False,1.0
201330_2013110818_analysis-0h_png,201330,2013-11-08 18:00:00,analysis-0h,945.0,940.0,950.0,10.0,2,train,940.0,933.0,950.0,925.0,963.4864501953125,937.7457885742188,989.2271118164062,946.0010375976562,980.9718627929688,torch_image_resnet18_ascend,Image-only (ResNet18),#2E6F95,resnet18,False,npu,False,1.0
201330_2013110606_analysis-0h_png,201330,2013-11-06 06:00:00,analysis-0h,932.5,930.0,935.0,5.0,2,train,930.0,922.0,935.0,920.0,946.0526733398438,920.31201171875,971.7933349609375,928.5672607421875,963.5380859375,torch_image_resnet18_ascend,Image-only (ResNet18),#2E6F95,resnet18,False,npu,False,1.0
201330_2013110312_analysis-0h_png,201330,2013-11-03 12:00:00,analysis-0h,1005.0,1002.0,1008.0,6.0,2,train,1008.0,1000.0,1002.0,1004.0,1000.0003051757812,974.2596435546875,1025.740966796875,982.514892578125,1017.4857177734375,torch_image_resnet18_ascend,Image-only (ResNet18),#2E6F95,resnet18,False,npu,False,1.0
201330_2013110906_analysis-0h_png,201330,2013-11-09 06:00:00,analysis-0h,945.0,940.0,950.0,10.0,2,train,940.0,944.0,950.0,935.0,962.0845336914062,936.3438720703125,987.8251953125,944.59912109375,979.5699462890625,torch_image_resnet18_ascend,Image-only (ResNet18),#2E6F95,resnet18,False,npu,False,1.0
201330_2013110706_analysis-0h_png,201330,2013-11-07 06:00:00,analysis-0h,905.0,905.0,905.0,0.0,2,train,905.0,903.0,905.0,895.0,928.6116943359375,902.8710327148438,954.3523559570312,911.1262817382812,946.0971069335938,torch_image_resnet18_ascend,Image-only (ResNet18),#2E6F95,resnet18,False,npu,False,1.0
201330_2013110918_analysis-0h_png,201330,2013-11-09 18:00:00,analysis-0h,950.0,950.0,950.0,0.0,2,train,950.0,952.0,950.0,950.0,969.05224609375,943.3115844726562,994.7929077148438,951.5668334960938,986.5376586914062,torch_image_resnet18_ascend,Image-only (ResNet18),#2E6F95,resnet18,False,npu,False,1.0
201330_2013110621_analysis-0h_png,201330,2013-11-06 21:00:00,analysis-0h,910.0,905.0,915.0,10.0,2,train,905.0,907.0,915.0,898.0,933.5291137695312,907.7884521484375,959.269775390625,916.043701171875,951.0145263671875,torch_image_resnet18_ascend,Image-only (ResNet18),#2E6F95,resnet18,False,npu,False,1.0
201330_2013110312_analysis-0h_png,201330,2013-11-03 12:00:00,analysis-0h,1005.0,1002.0,1008.0,6.0,2,train,1008.0,1000.0,1002.0,1004.0,997.2513427734375,971.5106811523438,1022.9920043945312,979.516845703125,1014.98583984375,torch_multimodal_resnet18_ascend,Multimodal (ResNet18),#4C8C68,resnet18,False,npu,False,1.0
201330_2013110600_analysis-0h_png,201330,2013-11-06 00:00:00,analysis-0h,942.5,935.0,950.0,15.0,2,train,950.0,926.0,935.0,930.0,946.1456909179688,920.405029296875,971.8863525390625,928.4111938476562,963.8801879882812,torch_multimodal_resnet18_ascend,Multimodal (ResNet18),#4C8C68,resnet18,False,npu,False,1.0
201330_2013111021_analysis-0h_png,201330,2013-11-10 21:00:00,analysis-0h,980.5,978.0,983.0,5.0,2,train,983.0,974.0,978.0,973.0,973.5382690429688,947.797607421875,999.2789306640625,955.8037719726562,991.2727661132812,torch_multimodal_resnet18_ascend,Multimodal (ResNet18),#4C8C68,resnet18,False,npu,False,1.0
201330_2013110906_analysis-0h_png,201330,2013-11-09 06:00:00,analysis-0h,945.0,940.0,950.0,10.0,2,train,940.0,944.0,950.0,935.0,965.1223754882812,939.3817138671875,990.863037109375,947.3878784179688,982.8568725585938,torch_multimodal_resnet18_ascend,Multimodal (ResNet18),#4C8C68,resnet18,False,npu,False,1.0
201330_2013110700_analysis-0h_png,201330,2013-11-07 00:00:00,analysis-0h,907.5,905.0,910.0,5.0,2,train,905.0,907.0,910.0,895.0,926.6615600585938,900.9208984375,952.4022216796875,908.9270629882812,944.3960571289062,torch_multimodal_resnet18_ascend,Multimodal (ResNet18),#4C8C68,resnet18,False,npu,False,1.0
201330_2013110718_analysis-0h_png,201330,2013-11-07 18:00:00,analysis-0h,892.5,890.0,895.0,5.0,2,train,895.0,895.0,890.0,890.0,923.5382080078125,897.7975463867188,949.2788696289062,905.8037109375,941.272705078125,torch_multimodal_resnet18_ascend,Multimodal (ResNet18),#4C8C68,resnet18,False,npu,False,1.0
201330_2013110818_analysis-0h_png,201330,2013-11-08 18:00:00,analysis-0h,945.0,940.0,950.0,10.0,2,train,940.0,933.0,950.0,925.0,962.1614379882812,936.4207763671875,987.902099609375,944.4269409179688,979.8959350585938,torch_multimodal_resnet18_ascend,Multimodal (ResNet18),#4C8C68,resnet18,False,npu,False,1.0
201330_2013110318_analysis-0h_png,201330,2013-11-03 18:00:00,analysis-0h,1003.0,1002.0,1004.0,2.0,2,train,1004.0,1000.0,1002.0,1004.0,994.3744506835938,968.6337890625,1020.1151123046875,976.6399536132812,1012.1089477539062,torch_multimodal_resnet18_ascend,Multimodal (ResNet18),#4C8C68,resnet18,False,npu,False,1.0
201330_2013110721_analysis-0h_png,201330,2013-11-07 21:00:00,analysis-0h,899.0,895.0,903.0,8.0,2,train,903.0,897.0,895.0,895.0,923.8077392578125,898.0670776367188,949.5484008789062,906.0732421875,941.542236328125,torch_multimodal_resnet18_ascend,Multimodal (ResNet18),#4C8C68,resnet18,False,npu,False,1.0
201330_2013110612_analysis-0h_png,201330,2013-11-06 12:00:00,analysis-0h,920.0,920.0,920.0,0.0,2,train,920.0,911.0,920.0,910.0,932.3621215820312,906.6214599609375,958.102783203125,914.6276245117188,950.0966186523438,torch_multimodal_resnet18_ascend,Multimodal (ResNet18),#4C8C68,resnet18,False,npu,False,1.0
201330_2013110412_analysis-0h_png,201330,2013-11-04 12:00:00,analysis-0h,994.0,990.0,998.0,8.0,2,train,998.0,989.0,990.0,998.0,988.4823608398438,962.74169921875,1014.2230224609375,970.7478637695312,1006.2168579101562,torch_multimodal_resnet18_ascend,Multimodal (ResNet18),#4C8C68,resnet18,False,npu,False,1.0
201330_2013110512_analysis-0h_png,201330,2013-11-05 12:00:00,analysis-0h,967.5,960.0,975.0,15.0,2,train,975.0,956.0,960.0,970.0,971.2988891601562,945.5582275390625,997.03955078125,953.5643920898438,989.0333862304688,torch_multimodal_resnet18_ascend,Multimodal (ResNet18),#4C8C68,resnet18,False,npu,False,1.0
201330_2013110900_analysis-0h_png,201330,2013-11-09 00:00:00,analysis-0h,945.0,940.0,950.0,10.0,2,train,940.0,937.0,950.0,935.0,962.5430908203125,936.8024291992188,988.2837524414062,944.80859375,980.277587890625,torch_multimodal_resnet18_ascend,Multimodal (ResNet18),#4C8C68,resnet18,False,npu,False,1.0
201330_2013110703_analysis-0h_png,201330,2013-11-07 03:00:00,analysis-0h,906.5,905.0,908.0,3.0,2,train,905.0,905.0,908.0,895.0,925.6204833984375,899.8798217773438,951.3611450195312,907.885986328125,943.35498046875,torch_multimodal_resnet18_ascend,Multimodal (ResNet18),#4C8C68,resnet18,False,npu,False,1.0
201330_2013110506_analysis-0h_png,201330,2013-11-05 06:00:00,analysis-0h,975.0,970.0,980.0,10.0,2,train,980.0,967.0,970.0,980.0,973.827392578125,948.0867309570312,999.5680541992188,956.0928955078125,991.5618896484375,torch_multimodal_resnet18_ascend,Multimodal (ResNet18),#4C8C68,resnet18,False,npu,False,1.0
201330_2013110518_analysis-0h_png,201330,2013-11-05 18:00:00,analysis-0h,957.5,950.0,965.0,15.0,2,train,965.0,941.0,950.0,955.0,960.349609375,934.6089477539062,986.0902709960938,942.6151123046875,978.0841064453125,torch_multimodal_resnet18_ascend,Multimodal (ResNet18),#4C8C68,resnet18,False,npu,False,1.0
201330_2013111018_analysis-0h_png,201330,2013-11-10 18:00:00,analysis-0h,975.0,975.0,975.0,0.0,2,train,975.0,970.0,975.0,970.0,973.8955078125,948.1548461914062,999.6361694335938,956.1610107421875,991.6300048828125,torch_multimodal_resnet18_ascend,Multimodal (ResNet18),#4C8C68,resnet18,False,npu,False,1.0
201330_2013111003_analysis-0h_png,201330,2013-11-10 03:00:00,analysis-0h,958.0,958.0,958.0,0.0,2,train,958.0,960.0,958.0,955.0,964.3373413085938,938.5966796875,990.0780029296875,946.6028442382812,982.0718383789062,torch_multimodal_resnet18_ascend,Multimodal (ResNet18),#4C8C68,resnet18,False,npu,False,1.0
201330_2013110603_analysis-0h_png,201330,2013-11-06 03:00:00,analysis-0h,937.5,935.0,940.0,5.0,2,train,940.0,924.0,935.0,925.0,945.8546142578125,920.1139526367188,971.5952758789062,928.1201171875,963.589111328125,torch_multimodal_resnet18_ascend,Multimodal (ResNet18),#4C8C68,resnet18,False,npu,False,1.0
201330_2013111015_analysis-0h_png,201330,2013-11-10 15:00:00,analysis-0h,970.0,970.0,970.0,0.0,2,train,970.0,967.0,970.0,963.0,967.641357421875,941.9006958007812,993.3820190429688,949.9068603515625,985.3758544921875,torch_multimodal_resnet18_ascend,Multimodal (ResNet18),#4C8C68,resnet18,False,npu,False,1.0
201330_2013110503_analysis-0h_png,201330,2013-11-05 03:00:00,analysis-0h,979.0,975.0,983.0,8.0,2,train,983.0,969.0,975.0,983.0,976.9569091796875,951.2162475585938,1002.6975708007812,959.222412109375,994.69140625,torch_multimodal_resnet18_ascend,Multimodal (ResNet18),#4C8C68,resnet18,False,npu,False,1.0
201330_2013111009_analysis-0h_png,201330,2013-11-10 09:00:00,analysis-0h,963.0,963.0,963.0,0.0,2,train,963.0,963.0,963.0,955.0,969.5279541015625,943.7872924804688,995.2686157226562,951.79345703125,987.262451171875,torch_multimodal_resnet18_ascend,Multimodal (ResNet18),#4C8C68,resnet18,False,npu,False,1.0
201330_2013111006_analysis-0h_png,201330,2013-11-10 06:00:00,analysis-0h,960.0,960.0,960.0,0.0,2,train,960.0,963.0,960.0,955.0,968.55712890625,942.8164672851562,994.2977905273438,950.8226318359375,986.2916259765625,torch_multimodal_resnet18_ascend,Multimodal (ResNet18),#4C8C68,resnet18,False,npu,False,1.0
201330_2013110415_analysis-0h_png,201330,2013-11-04 15:00:00,analysis-0h,991.5,988.0,995.0,7.0,2,train,995.0,986.0,988.0,995.0,992.1065063476562,966.3658447265625,1017.84716796875,974.3720092773438,1009.8410034179688,torch_multimodal_resnet18_ascend,Multimodal (ResNet18),#4C8C68,resnet18,False,npu,False,1.0
201330_2013111100_analysis-0h_png,201330,2013-11-11 00:00:00,analysis-0h,985.0,980.0,990.0,10.0,2,train,990.0,978.0,980.0,975.0,974.6118774414062,948.8712158203125,1000.3525390625,956.8773803710938,992.3463745117188,torch_multimodal_resnet18_ascend,Multimodal (ResNet18),#4C8C68,resnet18,False,npu,False,1.0
201330_2013110809_analysis-0h_png,201330,2013-11-08 09:00:00,analysis-0h,937.5,935.0,940.0,5.0,2,train,940.0,920.0,935.0,913.0,970.7371215820312,944.9964599609375,996.477783203125,953.0026245117188,988.4716186523438,torch_multimodal_resnet18_ascend,Multimodal (ResNet18),#4C8C68,resnet18,False,npu,False,1.0
201330_2013111106_analysis-0h_png,201330,2013-11-11 06:00:00,analysis-0h,999.5,995.0,1004.0,9.0,2,train,1004.0,989.0,995.0,984.0,985.3342895507812,959.5936279296875,1011.074951171875,967.5997924804688,1003.0687866210938,torch_multimodal_resnet18_ascend,Multimodal (ResNet18),#4C8C68,resnet18,False,npu,False,1.0
201330_2013110400_analysis-0h_png,201330,2013-11-04 00:00:00,analysis-0h,1001.0,1000.0,1002.0,2.0,2,train,1002.0,996.0,1000.0,1002.0,988.423095703125,962.6824340820312,1014.1637573242188,970.6885986328125,1006.1575927734375,torch_multimodal_resnet18_ascend,Multimodal (ResNet18),#4C8C68,resnet18,False,npu,False,1.0
201330_2013110803_analysis-0h_png,201330,2013-11-08 03:00:00,analysis-0h,920.0,915.0,925.0,10.0,2,train,925.0,907.0,915.0,905.0,939.779541015625,914.0388793945312,965.5202026367188,922.0450439453125,957.5140380859375,torch_multimodal_resnet18_ascend,Multimodal (ResNet18),#4C8C68,resnet18,False,npu,False,1.0
201330_2013110421_analysis-0h_png,201330,2013-11-04 21:00:00,analysis-0h,986.0,983.0,989.0,6.0,2,train,989.0,976.0,983.0,989.0,985.2984619140625,959.5578002929688,1011.0391235351562,967.56396484375,1003.032958984375,torch_multimodal_resnet18_ascend,Multimodal (ResNet18),#4C8C68,resnet18,False,npu,False,1.0
201330_2013110912_analysis-0h_png,201330,2013-11-09 12:00:00,analysis-0h,947.5,945.0,950.0,5.0,2,train,945.0,948.0,950.0,940.0,959.0294189453125,933.2887573242188,984.7700805664062,941.294921875,976.763916015625,torch_multimodal_resnet18_ascend,Multimodal (ResNet18),#4C8C68,resnet18,False,npu,False,1.0
201330_2013110406_analysis-0h_png,201330,2013-11-04 06:00:00,analysis-0h,997.5,995.0,1000.0,5.0,2,train,1000.0,993.0,995.0,1000.0,988.5111694335938,962.7705078125,1014.2518310546875,970.7766723632812,1006.2456665039062,torch_multimodal_resnet18_ascend,Multimodal (ResNet18),#4C8C68,resnet18,False,npu,False,1.0
201330_2013110821_analysis-0h_png,201330,2013-11-08 21:00:00,analysis-0h,945.0,940.0,950.0,10.0,2,train,940.0,935.0,950.0,930.0,960.7864379882812,935.0457763671875,986.527099609375,943.0519409179688,978.5209350585938,torch_multimodal_resnet18_ascend,Multimodal (ResNet18),#4C8C68,resnet18,False,npu,False,1.0
201330_2013110806_analysis-0h_png,201330,2013-11-08 06:00:00,analysis-0h,935.0,930.0,940.0,10.0,2,train,940.0,914.0,930.0,910.0,963.2261352539062,937.4854736328125,988.966796875,945.4916381835938,980.9606323242188,torch_multimodal_resnet18_ascend,Multimodal (ResNet18),#4C8C68,resnet18,False,npu,False,1.0
201330_2013110706_analysis-0h_png,201330,2013-11-07 06:00:00,analysis-0h,905.0,905.0,905.0,0.0,2,train,905.0,903.0,905.0,895.0,924.0267333984375,898.2860717773438,949.7673950195312,906.292236328125,941.76123046875,torch_multimodal_resnet18_ascend,Multimodal (ResNet18),#4C8C68,resnet18,False,npu,False,1.0
201330_2013110515_analysis-0h_png,201330,2013-11-05 15:00:00,analysis-0h,962.5,955.0,970.0,15.0,2,train,970.0,949.0,955.0,963.0,962.8759155273438,937.13525390625,988.6165771484375,945.1414184570312,980.6104125976562,torch_multimodal_resnet18_ascend,Multimodal (ResNet18),#4C8C68,resnet18,False,npu,False,1.0
201330_2013110618_analysis-0h_png,201330,2013-11-06 18:00:00,analysis-0h,912.5,905.0,920.0,15.0,2,train,905.0,907.0,920.0,900.0,924.8790893554688,899.138427734375,950.6197509765625,907.1445922851562,942.6135864257812,torch_multimodal_resnet18_ascend,Multimodal (ResNet18),#4C8C68,resnet18,False,npu,False,1.0
201330_2013110500_analysis-0h_png,201330,2013-11-05 00:00:00,analysis-0h,982.5,980.0,985.0,5.0,2,train,985.0,970.0,980.0,985.0,979.5006713867188,953.760009765625,1005.2413330078125,961.7661743164062,997.2351684570312,torch_multimodal_resnet18_ascend,Multimodal (ResNet18),#4C8C68,resnet18,False,npu,False,1.0
201330_2013110915_analysis-0h_png,201330,2013-11-09 15:00:00,analysis-0h,949.0,948.0,950.0,2.0,2,train,948.0,950.0,950.0,945.0,967.8479614257812,942.1072998046875,993.588623046875,950.1134643554688,985.5824584960938,torch_multimodal_resnet18_ascend,Multimodal (ResNet18),#4C8C68,resnet18,False,npu,False,1.0
201330_2013110621_analysis-0h_png,201330,2013-11-06 21:00:00,analysis-0h,910.0,905.0,915.0,10.0,2,train,905.0,907.0,915.0,898.0,926.9596557617188,901.218994140625,952.7003173828125,909.2251586914062,944.6941528320312,torch_multimodal_resnet18_ascend,Multimodal (ResNet18),#4C8C68,resnet18,False,npu,False,1.0
201330_2013110315_analysis-0h_png,201330,2013-11-03 15:00:00,analysis-0h,1004.0,1002.0,1006.0,4.0,2,train,1006.0,1000.0,1002.0,1004.0,991.6397705078125,965.8991088867188,1017.3804321289062,973.9052734375,1009.374267578125,torch_multimodal_resnet18_ascend,Multimodal (ResNet18),#4C8C68,resnet18,False,npu,False,1.0
201330_2013110615_analysis-0h_png,201330,2013-11-06 15:00:00,analysis-0h,916.5,913.0,920.0,7.0,2,train,913.0,909.0,920.0,905.0,925.2333374023438,899.49267578125,950.9739990234375,907.4988403320312,942.9678344726562,torch_multimodal_resnet18_ascend,Multimodal (ResNet18),#4C8C68,resnet18,False,npu,False,1.0
201330_2013111103_analysis-0h_png,201330,2013-11-11 03:00:00,analysis-0h,992.5,988.0,997.0,9.0,2,train,997.0,984.0,988.0,980.0,983.1239013671875,957.3832397460938,1008.8645629882812,965.389404296875,1000.8583984375,torch_multimodal_resnet18_ascend,Multimodal (ResNet18),#4C8C68,resnet18,False,npu,False,1.0
201330_2013110815_analysis-0h_png,201330,2013-11-08 15:00:00,analysis-0h,942.5,940.0,945.0,5.0,2,train,940.0,930.0,945.0,920.0,961.6851196289062,935.9444580078125,987.42578125,943.9506225585938,979.4196166992188,torch_multimodal_resnet18_ascend,Multimodal (ResNet18),#4C8C68,resnet18,False,npu,False,1.0
201330_2013111012_analysis-0h_png,201330,2013-11-10 12:00:00,analysis-0h,965.0,965.0,965.0,0.0,2,train,965.0,963.0,965.0,955.0,966.7888793945312,941.0482177734375,992.529541015625,949.0543823242188,984.5233764648438,torch_multimodal_resnet18_ascend,Multimodal (ResNet18),#4C8C68,resnet18,False,npu,False,1.0
201330_2013111000_analysis-0h_png,201330,2013-11-10 00:00:00,analysis-0h,955.0,955.0,955.0,0.0,2,train,955.0,956.0,955.0,955.0,967.5111694335938,941.7705078125,993.2518310546875,949.7766723632812,985.2456665039062,torch_multimodal_resnet18_ascend,Multimodal (ResNet18),#4C8C68,resnet18,False,npu,False,1.0
201330_2013110403_analysis-0h_png,201330,2013-11-04 03:00:00,analysis-0h,999.5,998.0,1001.0,3.0,2,train,1001.0,995.0,998.0,1001.0,988.8502197265625,963.1095581054688,1014.5908813476562,971.11572265625,1006.584716796875,torch_multimodal_resnet18_ascend,Multimodal (ResNet18),#4C8C68,resnet18,False,npu,False,1.0
201330_2013110918_analysis-0h_png,201330,2013-11-09 18:00:00,analysis-0h,950.0,950.0,950.0,0.0,2,train,950.0,952.0,950.0,950.0,972.1948852539062,946.4542236328125,997.935546875,954.4603881835938,989.9293823242188,torch_multimodal_resnet18_ascend,Multimodal (ResNet18),#4C8C68,resnet18,False,npu,False,1.0
201330_2013110521_analysis-0h_png,201330,2013-11-05 21:00:00,analysis-0h,950.5,943.0,958.0,15.0,2,train,958.0,934.0,943.0,943.0,955.255859375,929.5151977539062,980.9965209960938,937.5213623046875,972.9903564453125,torch_multimodal_resnet18_ascend,Multimodal (ResNet18),#4C8C68,resnet18,False,npu,False,1.0
201330_2013110909_analysis-0h_png,201330,2013-11-09 09:00:00,analysis-0h,946.5,943.0,950.0,7.0,2,train,943.0,946.0,950.0,938.0,958.5628051757812,932.8221435546875,984.303466796875,940.8283081054688,976.2973022460938,torch_multimodal_resnet18_ascend,Multimodal (ResNet18),#4C8C68,resnet18,False,npu,False,1.0
201330_2013110321_analysis-0h_png,201330,2013-11-03 21:00:00,analysis-0h,1002.0,1001.0,1003.0,2.0,2,train,1003.0,998.0,1001.0,1003.0,993.3905029296875,967.6498413085938,1019.1311645507812,975.656005859375,1011.125,torch_multimodal_resnet18_ascend,Multimodal (ResNet18),#4C8C68,resnet18,False,npu,False,1.0
201330_2013110715_analysis-0h_png,201330,2013-11-07 15:00:00,analysis-0h,894.0,893.0,895.0,2.0,2,train,895.0,895.0,893.0,893.0,923.3408203125,897.6001586914062,949.0814819335938,905.6063232421875,941.0753173828125,torch_multimodal_resnet18_ascend,Multimodal (ResNet18),#4C8C68,resnet18,False,npu,False,1.0
201330_2013110606_analysis-0h_png,201330,2013-11-06 06:00:00,analysis-0h,932.5,930.0,935.0,5.0,2,train,930.0,922.0,935.0,920.0,945.1634521484375,919.4227905273438,970.9041137695312,927.428955078125,962.89794921875,torch_multimodal_resnet18_ascend,Multimodal (ResNet18),#4C8C68,resnet18,False,npu,False,1.0
201330_2013110712_analysis-0h_png,201330,2013-11-07 12:00:00,analysis-0h,895.0,895.0,895.0,0.0,2,train,895.0,895.0,895.0,895.0,923.4038696289062,897.6632080078125,949.14453125,905.6693725585938,941.1383666992188,torch_multimodal_resnet18_ascend,Multimodal (ResNet18),#4C8C68,resnet18,False,npu,False,1.0
201330_2013110812_analysis-0h_png,201330,2013-11-08 12:00:00,analysis-0h,940.0,940.0,940.0,0.0,2,train,940.0,926.0,940.0,915.0,964.987060546875,939.2463989257812,990.7277221679688,947.2525634765625,982.7215576171875,torch_multimodal_resnet18_ascend,Multimodal (ResNet18),#4C8C68,resnet18,False,npu,False,1.0
201330_2013110921_analysis-0h_png,201330,2013-11-09 21:00:00,analysis-0h,953.0,953.0,953.0,0.0,2,train,953.0,954.0,953.0,953.0,971.9430541992188,946.202392578125,997.6837158203125,954.2085571289062,989.6775512695312,torch_multimodal_resnet18_ascend,Multimodal (ResNet18),#4C8C68,resnet18,False,npu,False,1.0
201330_2013110903_analysis-0h_png,201330,2013-11-09 03:00:00,analysis-0h,945.0,940.0,950.0,10.0,2,train,940.0,941.0,950.0,935.0,966.44970703125,940.7090454101562,992.1903686523438,948.7152099609375,984.1842041015625,torch_multimodal_resnet18_ascend,Multimodal (ResNet18),#4C8C68,resnet18,False,npu,False,1.0
201330_2013110800_analysis-0h_png,201330,2013-11-08 00:00:00,analysis-0h,905.0,900.0,910.0,10.0,2,train,910.0,899.0,900.0,900.0,924.4685668945312,898.7279052734375,950.209228515625,906.7340698242188,942.2030639648438,torch_multimodal_resnet18_ascend,Multimodal (ResNet18),#4C8C68,resnet18,False,npu,False,1.0
201330_2013110609_analysis-0h_png,201330,2013-11-06 09:00:00,analysis-0h,926.5,925.0,928.0,3.0,2,train,925.0,917.0,928.0,915.0,941.2855224609375,915.5448608398438,967.0261840820312,923.551025390625,959.02001953125,torch_multimodal_resnet18_ascend,Multimodal (ResNet18),#4C8C68,resnet18,False,npu,False,1.0
201330_2013110709_analysis-0h_png,201330,2013-11-07 09:00:00,analysis-0h,900.0,900.0,900.0,0.0,2,train,900.0,899.0,900.0,895.0,922.9256591796875,897.1849975585938,948.6663208007812,905.191162109375,940.66015625,torch_multimodal_resnet18_ascend,Multimodal (ResNet18),#4C8C68,resnet18,False,npu,False,1.0
201330_2013110509_analysis-0h_png,201330,2013-11-05 09:00:00,analysis-0h,971.5,965.0,978.0,13.0,2,train,978.0,962.0,965.0,975.0,973.2721557617188,947.531494140625,999.0128173828125,955.5376586914062,991.0066528320312,torch_multimodal_resnet18_ascend,Multimodal (ResNet18),#4C8C68,resnet18,False,npu,False,1.0
201330_2013110418_analysis-0h_png,201330,2013-11-04 18:00:00,analysis-0h,988.5,985.0,992.0,7.0,2,train,992.0,982.0,985.0,992.0,991.0335693359375,965.2929077148438,1016.7742309570312,973.299072265625,1008.76806640625,torch_multimodal_resnet18_ascend,Multimodal (ResNet18),#4C8C68,resnet18,False,npu,False,1.0
201330_2013110409_analysis-0h_png,201330,2013-11-04 09:00:00,analysis-0h,996.0,993.0,999.0,6.0,2,train,999.0,991.0,993.0,999.0,985.5670776367188,959.826416015625,1011.3077392578125,967.8325805664062,1003.3015747070312,torch_multimodal_resnet18_ascend,Multimodal (ResNet18),#4C8C68,resnet18,False,npu,False,1.0
201330_2013110318_forecast-6h_png,201330,2013-11-03 18:00:00,forecast-6h,1003.0,1002.0,1004.0,2.0,2,train,1004.0,1000.0,1002.0,1004.0,984.5128803533214,960.2375178866258,1008.788242820017,953.7062665962812,1015.3194941103616,metadata,Metadata baseline,#7C8894,,,,,
201330_2013110321_forecast-6h_png,201330,2013-11-03 21:00:00,forecast-6h,1002.0,1001.0,1003.0,2.0,2,train,1003.0,998.0,1001.0,1003.0,987.1601066341464,962.8847441674508,1011.4354691008419,956.3534928771062,1017.9667203911865,metadata,Metadata baseline,#7C8894,,,,,
201330_2013110400_forecast-6h_png,201330,2013-11-04 00:00:00,forecast-6h,1001.0,1000.0,1002.0,2.0,2,train,1002.0,996.0,1000.0,1002.0,989.9211925652853,965.6458300985897,1014.1965550319809,959.1145788082451,1020.7278063223255,metadata,Metadata baseline,#7C8894,,,,,
201330_2013110403_forecast-6h_png,201330,2013-11-04 03:00:00,forecast-6h,999.5,998.0,1001.0,3.0,2,train,1001.0,995.0,998.0,1001.0,988.261934154581,963.9865716878854,1012.5372966212766,957.4553203975408,1019.0685479116212,metadata,Metadata baseline,#7C8894,,,,,
201330_2013110406_forecast-6h_png,201330,2013-11-04 06:00:00,forecast-6h,997.5,995.0,1000.0,5.0,2,train,1000.0,993.0,995.0,1000.0,982.8948045562536,958.619442089558,1007.1701670229492,952.0881907992134,1013.7014183132937,metadata,Metadata baseline,#7C8894,,,,,
201330_2013110409_forecast-6h_png,201330,2013-11-04 09:00:00,forecast-6h,996.0,993.0,999.0,6.0,2,train,999.0,991.0,993.0,999.0,985.9097327187328,961.6343702520372,1010.1850951854284,955.1031189616926,1016.716346475773,metadata,Metadata baseline,#7C8894,,,,,
201330_2013110412_forecast-6h_png,201330,2013-11-04 12:00:00,forecast-6h,994.0,990.0,998.0,8.0,2,train,998.0,989.0,990.0,998.0,987.9197195808031,963.6443571141075,1012.1950820474987,957.1131058237629,1018.7263333378432,metadata,Metadata baseline,#7C8894,,,,,
201330_2013110415_forecast-6h_png,201330,2013-11-04 15:00:00,forecast-6h,991.5,988.0,995.0,7.0,2,train,995.0,986.0,988.0,995.0,985.7841318989421,961.5087694322465,1010.0594943656376,954.9775181419019,1016.5907456559822,metadata,Metadata baseline,#7C8894,,,,,
201330_2013110418_forecast-6h_png,201330,2013-11-04 18:00:00,forecast-6h,988.5,985.0,992.0,7.0,2,train,992.0,982.0,985.0,992.0,983.9064760647008,959.6311135980052,1008.1818385313964,953.0998623076606,1014.7130898217409,metadata,Metadata baseline,#7C8894,,,,,
201330_2013110421_forecast-6h_png,201330,2013-11-04 21:00:00,forecast-6h,986.0,983.0,989.0,6.0,2,train,989.0,976.0,983.0,989.0,979.6189998890846,955.3436374223891,1003.8943623557802,948.8123861320445,1010.4256136461248,metadata,Metadata baseline,#7C8894,,,,,
201330_2013110500_forecast-6h_png,201330,2013-11-05 00:00:00,forecast-6h,982.5,980.0,985.0,5.0,2,train,985.0,970.0,980.0,985.0,979.210370083551,954.9350076168554,1003.4857325502466,948.4037563265108,1010.0169838405911,metadata,Metadata baseline,#7C8894,,,,,
201330_2013110503_forecast-6h_png,201330,2013-11-05 03:00:00,forecast-6h,979.0,975.0,983.0,8.0,2,train,983.0,969.0,975.0,983.0,979.7521641961116,955.476801729416,1004.0275266628072,948.9455504390714,1010.5587779531518,metadata,Metadata baseline,#7C8894,,,,,
201330_2013110506_forecast-6h_png,201330,2013-11-05 06:00:00,forecast-6h,975.0,970.0,980.0,10.0,2,train,980.0,967.0,970.0,980.0,979.7848075013309,955.5094450346353,1004.0601699680265,948.9781937442907,1010.591421258371,metadata,Metadata baseline,#7C8894,,,,,
201330_2013110509_forecast-6h_png,201330,2013-11-05 09:00:00,forecast-6h,971.5,965.0,978.0,13.0,2,train,978.0,962.0,965.0,975.0,979.8633421280285,955.587979661333,1004.1387045947241,949.0567283709884,1010.6699558850687,metadata,Metadata baseline,#7C8894,,,,,
201330_2013110512_forecast-6h_png,201330,2013-11-05 12:00:00,forecast-6h,967.5,960.0,975.0,15.0,2,train,975.0,956.0,960.0,970.0,981.7328712753701,957.4575088086746,1006.0082337420657,950.92625751833,1012.5394850324103,metadata,Metadata baseline,#7C8894,,,,,
201330_2013110515_forecast-6h_png,201330,2013-11-05 15:00:00,forecast-6h,962.5,955.0,970.0,15.0,2,train,970.0,949.0,955.0,963.0,982.111089526921,957.8357270602254,1006.3864519936166,951.3044757698808,1012.9177032839611,metadata,Metadata baseline,#7C8894,,,,,
201330_2013110518_forecast-6h_png,201330,2013-11-05 18:00:00,forecast-6h,957.5,950.0,965.0,15.0,2,train,965.0,941.0,950.0,955.0,978.9284831816053,954.6531207149097,1003.2038456483009,948.1218694245651,1009.7350969386455,metadata,Metadata baseline,#7C8894,,,,,
201330_2013110521_forecast-6h_png,201330,2013-11-05 21:00:00,forecast-6h,950.5,943.0,958.0,15.0,2,train,958.0,934.0,943.0,943.0,979.9351604160025,955.659797949307,1004.2105228826981,949.1285466589624,1010.7417741730427,metadata,Metadata baseline,#7C8894,,,,,
201330_2013110600_forecast-6h_png,201330,2013-11-06 00:00:00,forecast-6h,942.5,935.0,950.0,15.0,2,train,950.0,926.0,935.0,930.0,976.9597448672639,952.6843824005683,1001.2351073339595,946.1531311102237,1007.7663586243041,metadata,Metadata baseline,#7C8894,,,,,
201330_2013110603_forecast-6h_png,201330,2013-11-06 03:00:00,forecast-6h,937.5,935.0,940.0,5.0,2,train,940.0,924.0,935.0,925.0,976.7247558833996,952.449393416704,1001.0001183500951,945.9181421263594,1007.5313696404397,metadata,Metadata baseline,#7C8894,,,,,
201330_2013110606_forecast-6h_png,201330,2013-11-06 06:00:00,forecast-6h,932.5,930.0,935.0,5.0,2,train,930.0,922.0,935.0,920.0,976.9765419135335,952.701179446838,1001.2519043802291,946.1699281564934,1007.7831556705737,metadata,Metadata baseline,#7C8894,,,,,
201330_2013110609_forecast-6h_png,201330,2013-11-06 09:00:00,forecast-6h,926.5,925.0,928.0,3.0,2,train,925.0,917.0,928.0,915.0,977.2461853962573,952.9708229295617,1001.5215478629528,946.4395716392171,1008.0527991532974,metadata,Metadata baseline,#7C8894,,,,,
201330_2013110612_forecast-6h_png,201330,2013-11-06 12:00:00,forecast-6h,920.0,920.0,920.0,0.0,2,train,920.0,911.0,920.0,910.0,977.0833089131723,952.8079464464768,1001.3586713798679,946.2766951561322,1007.8899226702125,metadata,Metadata baseline,#7C8894,,,,,
201330_2013110615_forecast-6h_png,201330,2013-11-06 15:00:00,forecast-6h,916.5,913.0,920.0,7.0,2,train,913.0,909.0,920.0,905.0,976.4250207275394,952.1496582608438,1000.700383194235,945.6184069704992,1007.2316344845796,metadata,Metadata baseline,#7C8894,,,,,
201330_2013110618_forecast-6h_png,201330,2013-11-06 18:00:00,forecast-6h,912.5,905.0,920.0,15.0,2,train,905.0,907.0,920.0,900.0,976.7592162083178,952.4838537416222,1001.0345786750133,945.9526024512776,1007.5658299653579,metadata,Metadata baseline,#7C8894,,,,,
201330_2013110621_forecast-6h_png,201330,2013-11-06 21:00:00,forecast-6h,910.0,905.0,915.0,10.0,2,train,905.0,907.0,915.0,898.0,976.8897403914136,952.614377924718,1001.1651028581092,946.0831266343735,1007.6963541484538,metadata,Metadata baseline,#7C8894,,,,,
201330_2013110700_forecast-6h_png,201330,2013-11-07 00:00:00,forecast-6h,907.5,905.0,910.0,5.0,2,train,905.0,907.0,910.0,895.0,977.5534391712883,953.2780767045928,1001.8288016379839,946.7468254142482,1008.3600529283285,metadata,Metadata baseline,#7C8894,,,,,
201330_2013110703_forecast-6h_png,201330,2013-11-07 03:00:00,forecast-6h,906.5,905.0,908.0,3.0,2,train,905.0,905.0,908.0,895.0,976.8577044887135,952.5823420220179,1001.133066955409,946.0510907316733,1007.6643182457536,metadata,Metadata baseline,#7C8894,,,,,
201330_2013110706_forecast-6h_png,201330,2013-11-07 06:00:00,forecast-6h,905.0,905.0,905.0,0.0,2,train,905.0,903.0,905.0,895.0,976.1340507928202,951.8586883261246,1000.4094132595158,945.32743703578,1006.9406645498603,metadata,Metadata baseline,#7C8894,,,,,
201330_2013110709_forecast-6h_png,201330,2013-11-07 09:00:00,forecast-6h,900.0,900.0,900.0,0.0,2,train,900.0,899.0,900.0,895.0,975.4747777119426,951.199415245247,999.7501401786382,944.6681639549024,1006.2813914689827,metadata,Metadata baseline,#7C8894,,,,,
201330_2013110712_forecast-6h_png,201330,2013-11-07 12:00:00,forecast-6h,895.0,895.0,895.0,0.0,2,train,895.0,895.0,895.0,895.0,977.5276258561845,953.2522633894889,1001.8029883228801,946.7210120991443,1008.3342396132247,metadata,Metadata baseline,#7C8894,,,,,
201330_2013110715_forecast-6h_png,201330,2013-11-07 15:00:00,forecast-6h,894.0,893.0,895.0,2.0,2,train,895.0,895.0,893.0,893.0,978.6606595355867,954.3852970688911,1002.9360220022822,947.8540457785465,1009.4672732926268,metadata,Metadata baseline,#7C8894,,,,,
201330_2013110718_forecast-6h_png,201330,2013-11-07 18:00:00,forecast-6h,892.5,890.0,895.0,5.0,2,train,895.0,895.0,890.0,890.0,979.4409414583286,955.165578991633,1003.7163039250241,948.6343277012884,1010.2475552153687,metadata,Metadata baseline,#7C8894,,,,,
201330_2013110721_forecast-6h_png,201330,2013-11-07 21:00:00,forecast-6h,899.0,895.0,903.0,8.0,2,train,903.0,897.0,895.0,895.0,979.9592722192982,955.6839097526026,1004.2346346859938,949.152658462258,1010.7658859763384,metadata,Metadata baseline,#7C8894,,,,,
201330_2013110800_forecast-6h_png,201330,2013-11-08 00:00:00,forecast-6h,905.0,900.0,910.0,10.0,2,train,910.0,899.0,900.0,900.0,981.55842877528,957.2830663085845,1005.8337912419756,950.7518150182399,1012.3650425323202,metadata,Metadata baseline,#7C8894,,,,,
201330_2013110803_forecast-6h_png,201330,2013-11-08 03:00:00,forecast-6h,920.0,915.0,925.0,10.0,2,train,925.0,907.0,915.0,905.0,980.9541692184828,956.6788067517872,1005.2295316851784,950.1475554614426,1011.760782975523,metadata,Metadata baseline,#7C8894,,,,,
201330_2013110806_forecast-6h_png,201330,2013-11-08 06:00:00,forecast-6h,935.0,930.0,940.0,10.0,2,train,940.0,914.0,930.0,910.0,981.5916060817118,957.3162436150162,1005.8669685484074,950.7849923246716,1012.398219838752,metadata,Metadata baseline,#7C8894,,,,,
201330_2013110809_forecast-6h_png,201330,2013-11-08 09:00:00,forecast-6h,937.5,935.0,940.0,5.0,2,train,940.0,920.0,935.0,913.0,982.6760503628391,958.4006878961435,1006.9514128295347,951.8694366057989,1013.4826641198792,metadata,Metadata baseline,#7C8894,,,,,
201330_2013110812_forecast-6h_png,201330,2013-11-08 12:00:00,forecast-6h,940.0,940.0,940.0,0.0,2,train,940.0,926.0,940.0,915.0,981.9623405888209,957.6869781221253,1006.2377030555165,951.1557268317807,1012.7689543458611,metadata,Metadata baseline,#7C8894,,,,,
201330_2013110815_forecast-6h_png,201330,2013-11-08 15:00:00,forecast-6h,942.5,940.0,945.0,5.0,2,train,940.0,930.0,945.0,920.0,983.753500276913,959.4781378102174,1008.0288627436086,952.9468865198728,1014.5601140339531,metadata,Metadata baseline,#7C8894,,,,,
201330_2013110818_forecast-6h_png,201330,2013-11-08 18:00:00,forecast-6h,945.0,940.0,950.0,10.0,2,train,940.0,933.0,950.0,925.0,986.9850842119085,962.709721745213,1011.2604466786041,956.1784704548684,1017.7916979689487,metadata,Metadata baseline,#7C8894,,,,,
201330_2013110821_forecast-6h_png,201330,2013-11-08 21:00:00,forecast-6h,945.0,940.0,950.0,10.0,2,train,940.0,935.0,950.0,930.0,987.495655559932,963.2202930932364,1011.7710180266275,956.6890418028918,1018.3022693169721,metadata,Metadata baseline,#7C8894,,,,,
201330_2013110900_forecast-6h_png,201330,2013-11-09 00:00:00,forecast-6h,945.0,940.0,950.0,10.0,2,train,940.0,937.0,950.0,935.0,988.0508456173175,963.7754831506219,1012.326208084013,957.2442318602773,1018.8574593743576,metadata,Metadata baseline,#7C8894,,,,,
201330_2013110903_forecast-6h_png,201330,2013-11-09 03:00:00,forecast-6h,945.0,940.0,950.0,10.0,2,train,940.0,941.0,950.0,935.0,987.0903045353521,962.8149420686565,1011.3656670020476,956.2836907783119,1017.8969182923922,metadata,Metadata baseline,#7C8894,,,,,
201330_2013110906_forecast-6h_png,201330,2013-11-09 06:00:00,forecast-6h,945.0,940.0,950.0,10.0,2,train,940.0,944.0,950.0,935.0,985.6048855119756,961.32952304528,1009.8802479786712,954.7982717549354,1016.4114992690157,metadata,Metadata baseline,#7C8894,,,,,
201330_2013110909_forecast-6h_png,201330,2013-11-09 09:00:00,forecast-6h,946.5,943.0,950.0,7.0,2,train,943.0,946.0,950.0,938.0,986.8980267465851,962.6226642798895,1011.1733892132806,956.0914129895449,1017.7046405036252,metadata,Metadata baseline,#7C8894,,,,,
201330_2013110912_forecast-6h_png,201330,2013-11-09 12:00:00,forecast-6h,947.5,945.0,950.0,5.0,2,train,945.0,948.0,950.0,940.0,986.6790631948561,962.4037007281605,1010.9544256615517,955.8724494378159,1017.4856769518963,metadata,Metadata baseline,#7C8894,,,,,
201330_2013110915_forecast-6h_png,201330,2013-11-09 15:00:00,forecast-6h,949.0,948.0,950.0,2.0,2,train,948.0,950.0,950.0,945.0,987.0291239491362,962.7537614824406,1011.3044864158318,956.222510192096,1017.8357377061764,metadata,Metadata baseline,#7C8894,,,,,
201330_2013110918_forecast-6h_png,201330,2013-11-09 18:00:00,forecast-6h,950.0,950.0,950.0,0.0,2,train,950.0,952.0,950.0,950.0,987.2236715708538,962.9483091041582,1011.4990340375493,956.4170578138136,1018.0302853278939,metadata,Metadata baseline,#7C8894,,,,,
201330_2013110921_forecast-6h_png,201330,2013-11-09 21:00:00,forecast-6h,953.0,953.0,953.0,0.0,2,train,953.0,954.0,953.0,953.0,984.3870105790045,960.1116481123089,1008.6623730457001,953.5803968219643,1015.1936243360446,metadata,Metadata baseline,#7C8894,,,,,
201330_2013111000_forecast-6h_png,201330,2013-11-10 00:00:00,forecast-6h,955.0,955.0,955.0,0.0,2,train,955.0,956.0,955.0,955.0,986.271607931776,961.9962454650804,1010.5469703984716,955.4649941747358,1017.0782216888161,metadata,Metadata baseline,#7C8894,,,,,
201330_2013111003_forecast-6h_png,201330,2013-11-10 03:00:00,forecast-6h,958.0,958.0,958.0,0.0,2,train,958.0,960.0,958.0,955.0,986.3618761234173,962.0865136567218,1010.6372385901129,955.5552623663772,1017.1684898804575,metadata,Metadata baseline,#7C8894,,,,,
201330_2013111006_forecast-6h_png,201330,2013-11-10 06:00:00,forecast-6h,960.0,960.0,960.0,0.0,2,train,960.0,963.0,960.0,955.0,988.3143031305507,964.0389406638551,1012.5896655972463,957.5076893735105,1019.1209168875909,metadata,Metadata baseline,#7C8894,,,,,
201330_2013111009_forecast-6h_png,201330,2013-11-10 09:00:00,forecast-6h,963.0,963.0,963.0,0.0,2,train,963.0,963.0,963.0,955.0,988.2057662365042,963.9304037698087,1012.4811287031998,957.3991524794641,1019.0123799935444,metadata,Metadata baseline,#7C8894,,,,,
201330_2013111012_forecast-6h_png,201330,2013-11-10 12:00:00,forecast-6h,965.0,965.0,965.0,0.0,2,train,965.0,963.0,965.0,955.0,989.6971786019776,965.421816135282,1013.9725410686732,958.8905648449374,1020.5037923590178,metadata,Metadata baseline,#7C8894,,,,,
201330_2013111015_forecast-6h_png,201330,2013-11-10 15:00:00,forecast-6h,970.0,970.0,970.0,0.0,2,train,970.0,967.0,970.0,963.0,990.0881022480318,965.8127397813362,1014.3634647147273,959.2814884909916,1020.8947160050719,metadata,Metadata baseline,#7C8894,,,,,
201330_2013111018_forecast-6h_png,201330,2013-11-10 18:00:00,forecast-6h,975.0,975.0,975.0,0.0,2,train,975.0,970.0,975.0,970.0,993.8900720808315,969.6147096141359,1018.1654345475271,963.0834583237913,1024.6966858378717,metadata,Metadata baseline,#7C8894,,,,,
201330_2013111021_forecast-6h_png,201330,2013-11-10 21:00:00,forecast-6h,980.5,978.0,983.0,5.0,2,train,983.0,974.0,978.0,973.0,990.3848279112192,966.1094654445236,1014.6601903779148,959.578214154179,1021.1914416682594,metadata,Metadata baseline,#7C8894,,,,,
201330_2013111100_forecast-6h_png,201330,2013-11-11 00:00:00,forecast-6h,985.0,980.0,990.0,10.0,2,train,990.0,978.0,980.0,975.0,989.6592818533258,965.3839193866302,1013.9346443200213,958.8526680962856,1020.4658956103659,metadata,Metadata baseline,#7C8894,,,,,
201330_2013111103_forecast-6h_png,201330,2013-11-11 03:00:00,forecast-6h,992.5,988.0,997.0,9.0,2,train,997.0,984.0,988.0,980.0,991.4830042182227,967.2076417515271,1015.7583666849183,960.6763904611826,1022.2896179752629,metadata,Metadata baseline,#7C8894,,,,,
201330_2013111106_forecast-6h_png,201330,2013-11-11 06:00:00,forecast-6h,999.5,995.0,1004.0,9.0,2,train,1004.0,989.0,995.0,984.0,994.7129597158827,970.4375972491871,1018.9883221825783,963.9063459588425,1025.519573472923,metadata,Metadata baseline,#7C8894,,,,,
201330_2013110812_forecast-6h_png,201330,2013-11-08 12:00:00,forecast-6h,940.0,940.0,940.0,0.0,2,train,940.0,926.0,940.0,915.0,940.8228759765625,915.0822143554688,966.5635375976562,927.1661987304688,954.4795532226562,torch_image_resnet18_ascend,Image-only (ResNet18),#2E6F95,resnet18,False,npu,False,1.0
201330_2013110821_forecast-6h_png,201330,2013-11-08 21:00:00,forecast-6h,945.0,940.0,950.0,10.0,2,train,940.0,935.0,950.0,930.0,940.0105590820312,914.2698974609375,965.751220703125,926.3538818359375,953.667236328125,torch_image_resnet18_ascend,Image-only (ResNet18),#2E6F95,resnet18,False,npu,False,1.0
201330_2013110815_forecast-6h_png,201330,2013-11-08 15:00:00,forecast-6h,942.5,940.0,945.0,5.0,2,train,940.0,930.0,945.0,920.0,950.8027954101562,925.0621337890625,976.54345703125,937.1461181640625,964.45947265625,torch_image_resnet18_ascend,Image-only (ResNet18),#2E6F95,resnet18,False,npu,False,1.0
201330_2013110409_forecast-6h_png,201330,2013-11-04 09:00:00,forecast-6h,996.0,993.0,999.0,6.0,2,train,999.0,991.0,993.0,999.0,992.40185546875,966.6611938476562,1018.1425170898438,978.7451782226562,1006.0585327148438,torch_image_resnet18_ascend,Image-only (ResNet18),#2E6F95,resnet18,False,npu,False,1.0
201330_2013111012_forecast-6h_png,201330,2013-11-10 12:00:00,forecast-6h,965.0,965.0,965.0,0.0,2,train,965.0,963.0,965.0,955.0,964.5410766601562,938.8004150390625,990.28173828125,950.8843994140625,978.19775390625,torch_image_resnet18_ascend,Image-only (ResNet18),#2E6F95,resnet18,False,npu,False,1.0
201330_2013110506_forecast-6h_png,201330,2013-11-05 06:00:00,forecast-6h,975.0,970.0,980.0,10.0,2,train,980.0,967.0,970.0,980.0,974.2759399414062,948.5352783203125,1000.0166015625,960.6192626953125,987.9326171875,torch_image_resnet18_ascend,Image-only (ResNet18),#2E6F95,resnet18,False,npu,False,1.0
201330_2013110500_forecast-6h_png,201330,2013-11-05 00:00:00,forecast-6h,982.5,980.0,985.0,5.0,2,train,985.0,970.0,980.0,985.0,980.0985107421875,954.3578491210938,1005.8391723632812,966.4418334960938,993.7551879882812,torch_image_resnet18_ascend,Image-only (ResNet18),#2E6F95,resnet18,False,npu,False,1.0
201330_2013110900_forecast-6h_png,201330,2013-11-09 00:00:00,forecast-6h,945.0,940.0,950.0,10.0,2,train,940.0,937.0,950.0,935.0,943.5791625976562,917.8385009765625,969.31982421875,929.9224853515625,957.23583984375,torch_image_resnet18_ascend,Image-only (ResNet18),#2E6F95,resnet18,False,npu,False,1.0
201330_2013110512_forecast-6h_png,201330,2013-11-05 12:00:00,forecast-6h,967.5,960.0,975.0,15.0,2,train,975.0,956.0,960.0,970.0,974.3798828125,948.6392211914062,1000.1205444335938,960.7232055664062,988.0365600585938,torch_image_resnet18_ascend,Image-only (ResNet18),#2E6F95,resnet18,False,npu,False,1.0
201330_2013110612_forecast-6h_png,201330,2013-11-06 12:00:00,forecast-6h,920.0,920.0,920.0,0.0,2,train,920.0,911.0,920.0,910.0,922.5313720703125,896.7907104492188,948.2720336914062,908.8746948242188,936.1880493164062,torch_image_resnet18_ascend,Image-only (ResNet18),#2E6F95,resnet18,False,npu,False,1.0
201330_2013110509_forecast-6h_png,201330,2013-11-05 09:00:00,forecast-6h,971.5,965.0,978.0,13.0,2,train,978.0,962.0,965.0,975.0,971.9555053710938,946.21484375,997.6961669921875,958.298828125,985.6121826171875,torch_image_resnet18_ascend,Image-only (ResNet18),#2E6F95,resnet18,False,npu,False,1.0
201330_2013111003_forecast-6h_png,201330,2013-11-10 03:00:00,forecast-6h,958.0,958.0,958.0,0.0,2,train,958.0,960.0,958.0,955.0,962.5849609375,936.8442993164062,988.3256225585938,948.9282836914062,976.2416381835938,torch_image_resnet18_ascend,Image-only (ResNet18),#2E6F95,resnet18,False,npu,False,1.0
201330_2013110606_forecast-6h_png,201330,2013-11-06 06:00:00,forecast-6h,932.5,930.0,935.0,5.0,2,train,930.0,922.0,935.0,920.0,926.5682983398438,900.82763671875,952.3089599609375,912.91162109375,940.2249755859375,torch_image_resnet18_ascend,Image-only (ResNet18),#2E6F95,resnet18,False,npu,False,1.0
201330_2013110918_forecast-6h_png,201330,2013-11-09 18:00:00,forecast-6h,950.0,950.0,950.0,0.0,2,train,950.0,952.0,950.0,950.0,949.3628540039062,923.6221923828125,975.103515625,935.7061767578125,963.01953125,torch_image_resnet18_ascend,Image-only (ResNet18),#2E6F95,resnet18,False,npu,False,1.0
201330_2013110803_forecast-6h_png,201330,2013-11-08 03:00:00,forecast-6h,920.0,915.0,925.0,10.0,2,train,925.0,907.0,915.0,905.0,905.0054321289062,879.2647705078125,930.74609375,891.3487548828125,918.662109375,torch_image_resnet18_ascend,Image-only (ResNet18),#2E6F95,resnet18,False,npu,False,1.0
201330_2013110912_forecast-6h_png,201330,2013-11-09 12:00:00,forecast-6h,947.5,945.0,950.0,5.0,2,train,945.0,948.0,950.0,940.0,939.9622192382812,914.2215576171875,965.702880859375,926.3055419921875,953.618896484375,torch_image_resnet18_ascend,Image-only (ResNet18),#2E6F95,resnet18,False,npu,False,1.0
201330_2013111103_forecast-6h_png,201330,2013-11-11 03:00:00,forecast-6h,992.5,988.0,997.0,9.0,2,train,997.0,984.0,988.0,980.0,985.4229125976562,959.6822509765625,1011.16357421875,971.7662353515625,999.07958984375,torch_image_resnet18_ascend,Image-only (ResNet18),#2E6F95,resnet18,False,npu,False,1.0
201330_2013110909_forecast-6h_png,201330,2013-11-09 09:00:00,forecast-6h,946.5,943.0,950.0,7.0,2,train,943.0,946.0,950.0,938.0,944.5782470703125,918.8375854492188,970.3189086914062,930.9215698242188,958.2349243164062,torch_image_resnet18_ascend,Image-only (ResNet18),#2E6F95,resnet18,False,npu,False,1.0
201330_2013110503_forecast-6h_png,201330,2013-11-05 03:00:00,forecast-6h,979.0,975.0,983.0,8.0,2,train,983.0,969.0,975.0,983.0,977.9555053710938,952.21484375,1003.6961669921875,964.298828125,991.6121826171875,torch_image_resnet18_ascend,Image-only (ResNet18),#2E6F95,resnet18,False,npu,False,1.0
201330_2013111015_forecast-6h_png,201330,2013-11-10 15:00:00,forecast-6h,970.0,970.0,970.0,0.0,2,train,970.0,967.0,970.0,963.0,969.0879516601562,943.3472900390625,994.82861328125,955.4312744140625,982.74462890625,torch_image_resnet18_ascend,Image-only (ResNet18),#2E6F95,resnet18,False,npu,False,1.0
201330_2013110400_forecast-6h_png,201330,2013-11-04 00:00:00,forecast-6h,1001.0,1000.0,1002.0,2.0,2,train,1002.0,996.0,1000.0,1002.0,1002.259521484375,976.5188598632812,1028.0001220703125,988.6028442382812,1015.9161987304688,torch_image_resnet18_ascend,Image-only (ResNet18),#2E6F95,resnet18,False,npu,False,1.0
201330_2013111100_forecast-6h_png,201330,2013-11-11 00:00:00,forecast-6h,985.0,980.0,990.0,10.0,2,train,990.0,978.0,980.0,975.0,980.4803466796875,954.7396850585938,1006.2210083007812,966.8236694335938,994.1370239257812,torch_image_resnet18_ascend,Image-only (ResNet18),#2E6F95,resnet18,False,npu,False,1.0
201330_2013110715_forecast-6h_png,201330,2013-11-07 15:00:00,forecast-6h,894.0,893.0,895.0,2.0,2,train,895.0,895.0,893.0,893.0,896.2067260742188,870.466064453125,921.9473876953125,882.550048828125,909.8634033203125,torch_image_resnet18_ascend,Image-only (ResNet18),#2E6F95,resnet18,False,npu,False,1.0
201330_2013110903_forecast-6h_png,201330,2013-11-09 03:00:00,forecast-6h,945.0,940.0,950.0,10.0,2,train,940.0,941.0,950.0,935.0,947.4027709960938,921.662109375,973.1434326171875,933.74609375,961.0594482421875,torch_image_resnet18_ascend,Image-only (ResNet18),#2E6F95,resnet18,False,npu,False,1.0
201330_2013110915_forecast-6h_png,201330,2013-11-09 15:00:00,forecast-6h,949.0,948.0,950.0,2.0,2,train,948.0,950.0,950.0,945.0,937.6896362304688,911.948974609375,963.4302978515625,924.032958984375,951.3463134765625,torch_image_resnet18_ascend,Image-only (ResNet18),#2E6F95,resnet18,False,npu,False,1.0
201330_2013110800_forecast-6h_png,201330,2013-11-08 00:00:00,forecast-6h,905.0,900.0,910.0,10.0,2,train,910.0,899.0,900.0,900.0,899.1522216796875,873.4115600585938,924.8928833007812,885.4955444335938,912.8088989257812,torch_image_resnet18_ascend,Image-only (ResNet18),#2E6F95,resnet18,False,npu,False,1.0
201330_2013110418_forecast-6h_png,201330,2013-11-04 18:00:00,forecast-6h,988.5,985.0,992.0,7.0,2,train,992.0,982.0,985.0,992.0,987.2447509765625,961.5040893554688,1012.9854125976562,973.5880737304688,1000.9014282226562,torch_image_resnet18_ascend,Image-only (ResNet18),#2E6F95,resnet18,False,npu,False,1.0
201330_2013110712_forecast-6h_png,201330,2013-11-07 12:00:00,forecast-6h,895.0,895.0,895.0,0.0,2,train,895.0,895.0,895.0,895.0,899.9207153320312,874.1800537109375,925.661376953125,886.2640380859375,913.577392578125,torch_image_resnet18_ascend,Image-only (ResNet18),#2E6F95,resnet18,False,npu,False,1.0
201330_2013110603_forecast-6h_png,201330,2013-11-06 03:00:00,forecast-6h,937.5,935.0,940.0,5.0,2,train,940.0,924.0,935.0,925.0,935.5345458984375,909.7938842773438,961.2752075195312,921.8778686523438,949.1912231445312,torch_image_resnet18_ascend,Image-only (ResNet18),#2E6F95,resnet18,False,npu,False,1.0
201330_2013110609_forecast-6h_png,201330,2013-11-06 09:00:00,forecast-6h,926.5,925.0,928.0,3.0,2,train,925.0,917.0,928.0,915.0,922.6358642578125,896.8952026367188,948.3765258789062,908.9791870117188,936.2925415039062,torch_image_resnet18_ascend,Image-only (ResNet18),#2E6F95,resnet18,False,npu,False,1.0
201330_2013110415_forecast-6h_png,201330,2013-11-04 15:00:00,forecast-6h,991.5,988.0,995.0,7.0,2,train,995.0,986.0,988.0,995.0,985.8649291992188,960.124267578125,1011.6055908203125,972.208251953125,999.5216064453125,torch_image_resnet18_ascend,Image-only (ResNet18),#2E6F95,resnet18,False,npu,False,1.0
201330_2013110718_forecast-6h_png,201330,2013-11-07 18:00:00,forecast-6h,892.5,890.0,895.0,5.0,2,train,895.0,895.0,890.0,890.0,894.4801025390625,868.7394409179688,920.2207641601562,880.8234252929688,908.1367797851562,torch_image_resnet18_ascend,Image-only (ResNet18),#2E6F95,resnet18,False,npu,False,1.0
201330_2013110906_forecast-6h_png,201330,2013-11-09 06:00:00,forecast-6h,945.0,940.0,950.0,10.0,2,train,940.0,944.0,950.0,935.0,946.4264526367188,920.685791015625,972.1671142578125,932.769775390625,960.0831298828125,torch_image_resnet18_ascend,Image-only (ResNet18),#2E6F95,resnet18,False,npu,False,1.0
201330_2013111006_forecast-6h_png,201330,2013-11-10 06:00:00,forecast-6h,960.0,960.0,960.0,0.0,2,train,960.0,963.0,960.0,955.0,968.7645263671875,943.0238647460938,994.5051879882812,955.1078491210938,982.4212036132812,torch_image_resnet18_ascend,Image-only (ResNet18),#2E6F95,resnet18,False,npu,False,1.0
201330_2013111009_forecast-6h_png,201330,2013-11-10 09:00:00,forecast-6h,963.0,963.0,963.0,0.0,2,train,963.0,963.0,963.0,955.0,963.4948120117188,937.754150390625,989.2354736328125,949.838134765625,977.1514892578125,torch_image_resnet18_ascend,Image-only (ResNet18),#2E6F95,resnet18,False,npu,False,1.0
201330_2013110806_forecast-6h_png,201330,2013-11-08 06:00:00,forecast-6h,935.0,930.0,940.0,10.0,2,train,940.0,914.0,930.0,910.0,910.8834838867188,885.142822265625,936.6241455078125,897.226806640625,924.5401611328125,torch_image_resnet18_ascend,Image-only (ResNet18),#2E6F95,resnet18,False,npu,False,1.0
201330_2013110809_forecast-6h_png,201330,2013-11-08 09:00:00,forecast-6h,937.5,935.0,940.0,5.0,2,train,940.0,920.0,935.0,913.0,924.04248046875,898.3018188476562,949.7831420898438,910.3858032226562,937.6991577148438,torch_image_resnet18_ascend,Image-only (ResNet18),#2E6F95,resnet18,False,npu,False,1.0
201330_2013110321_forecast-6h_png,201330,2013-11-03 21:00:00,forecast-6h,1002.0,1001.0,1003.0,2.0,2,train,1003.0,998.0,1001.0,1003.0,998.955322265625,973.2146606445312,1024.6959228515625,985.2986450195312,1012.6119995117188,torch_image_resnet18_ascend,Image-only (ResNet18),#2E6F95,resnet18,False,npu,False,1.0
201330_2013110818_forecast-6h_png,201330,2013-11-08 18:00:00,forecast-6h,945.0,940.0,950.0,10.0,2,train,940.0,933.0,950.0,925.0,948.3446044921875,922.6039428710938,974.0852661132812,934.6879272460938,962.0012817382812,torch_image_resnet18_ascend,Image-only (ResNet18),#2E6F95,resnet18,False,npu,False,1.0
201330_2013111000_forecast-6h_png,201330,2013-11-10 00:00:00,forecast-6h,955.0,955.0,955.0,0.0,2,train,955.0,956.0,955.0,955.0,955.8694458007812,930.1287841796875,981.610107421875,942.2127685546875,969.526123046875,torch_image_resnet18_ascend,Image-only (ResNet18),#2E6F95,resnet18,False,npu,False,1.0
201330_2013110621_forecast-6h_png,201330,2013-11-06 21:00:00,forecast-6h,910.0,905.0,915.0,10.0,2,train,905.0,907.0,915.0,898.0,909.4293212890625,883.6886596679688,935.1699829101562,895.7726440429688,923.0859985351562,torch_image_resnet18_ascend,Image-only (ResNet18),#2E6F95,resnet18,False,npu,False,1.0
201330_2013111106_forecast-6h_png,201330,2013-11-11 06:00:00,forecast-6h,999.5,995.0,1004.0,9.0,2,train,1004.0,989.0,995.0,984.0,983.0932006835938,957.3525390625,1008.8338623046875,969.4365234375,996.7498779296875,torch_image_resnet18_ascend,Image-only (ResNet18),#2E6F95,resnet18,False,npu,False,1.0
201330_2013110515_forecast-6h_png,201330,2013-11-05 15:00:00,forecast-6h,962.5,955.0,970.0,15.0,2,train,970.0,949.0,955.0,963.0,963.5436401367188,937.802978515625,989.2843017578125,949.886962890625,977.2003173828125,torch_image_resnet18_ascend,Image-only (ResNet18),#2E6F95,resnet18,False,npu,False,1.0
201330_2013110921_forecast-6h_png,201330,2013-11-09 21:00:00,forecast-6h,953.0,953.0,953.0,0.0,2,train,953.0,954.0,953.0,953.0,959.4274291992188,933.686767578125,985.1680908203125,945.770751953125,973.0841064453125,torch_image_resnet18_ascend,Image-only (ResNet18),#2E6F95,resnet18,False,npu,False,1.0
201330_2013110709_forecast-6h_png,201330,2013-11-07 09:00:00,forecast-6h,900.0,900.0,900.0,0.0,2,train,900.0,899.0,900.0,895.0,896.9930419921875,871.2523803710938,922.7337036132812,883.3363647460938,910.6497192382812,torch_image_resnet18_ascend,Image-only (ResNet18),#2E6F95,resnet18,False,npu,False,1.0
201330_2013110615_forecast-6h_png,201330,2013-11-06 15:00:00,forecast-6h,916.5,913.0,920.0,7.0,2,train,913.0,909.0,920.0,905.0,925.0167236328125,899.2760620117188,950.7573852539062,911.3600463867188,938.6734008789062,torch_image_resnet18_ascend,Image-only (ResNet18),#2E6F95,resnet18,False,npu,False,1.0
201330_2013111018_forecast-6h_png,201330,2013-11-10 18:00:00,forecast-6h,975.0,975.0,975.0,0.0,2,train,975.0,970.0,975.0,970.0,972.4161987304688,946.675537109375,998.1568603515625,958.759521484375,986.0728759765625,torch_image_resnet18_ascend,Image-only (ResNet18),#2E6F95,resnet18,False,npu,False,1.0
201330_2013110412_forecast-6h_png,201330,2013-11-04 12:00:00,forecast-6h,994.0,990.0,998.0,8.0,2,train,998.0,989.0,990.0,998.0,988.3181762695312,962.5775146484375,1014.058837890625,974.6614990234375,1001.974853515625,torch_image_resnet18_ascend,Image-only (ResNet18),#2E6F95,resnet18,False,npu,False,1.0
201330_2013110618_forecast-6h_png,201330,2013-11-06 18:00:00,forecast-6h,912.5,905.0,920.0,15.0,2,train,905.0,907.0,920.0,900.0,919.1873779296875,893.4467163085938,944.9280395507812,905.5307006835938,932.8440551757812,torch_image_resnet18_ascend,Image-only (ResNet18),#2E6F95,resnet18,False,npu,False,1.0
201330_2013110421_forecast-6h_png,201330,2013-11-04 21:00:00,forecast-6h,986.0,983.0,989.0,6.0,2,train,989.0,976.0,983.0,989.0,985.341796875,959.6011352539062,1011.0824584960938,971.6851196289062,998.9984741210938,torch_image_resnet18_ascend,Image-only (ResNet18),#2E6F95,resnet18,False,npu,False,1.0
201330_2013110700_forecast-6h_png,201330,2013-11-07 00:00:00,forecast-6h,907.5,905.0,910.0,5.0,2,train,905.0,907.0,910.0,895.0,903.0848388671875,877.3441772460938,928.8255004882812,889.4281616210938,916.7415161132812,torch_image_resnet18_ascend,Image-only (ResNet18),#2E6F95,resnet18,False,npu,False,1.0
201330_2013110600_forecast-6h_png,201330,2013-11-06 00:00:00,forecast-6h,942.5,935.0,950.0,15.0,2,train,950.0,926.0,935.0,930.0,936.7467041015625,911.0060424804688,962.4873657226562,923.0900268554688,950.4033813476562,torch_image_resnet18_ascend,Image-only (ResNet18),#2E6F95,resnet18,False,npu,False,1.0
201330_2013110406_forecast-6h_png,201330,2013-11-04 06:00:00,forecast-6h,997.5,995.0,1000.0,5.0,2,train,1000.0,993.0,995.0,1000.0,991.0733032226562,965.3326416015625,1016.81396484375,977.4166259765625,1004.72998046875,torch_image_resnet18_ascend,Image-only (ResNet18),#2E6F95,resnet18,False,npu,False,1.0
201330_2013110403_forecast-6h_png,201330,2013-11-04 03:00:00,forecast-6h,999.5,998.0,1001.0,3.0,2,train,1001.0,995.0,998.0,1001.0,995.8452758789062,970.1046142578125,1021.5859375,982.1885986328125,1009.501953125,torch_image_resnet18_ascend,Image-only (ResNet18),#2E6F95,resnet18,False,npu,False,1.0
201330_2013110703_forecast-6h_png,201330,2013-11-07 03:00:00,forecast-6h,906.5,905.0,908.0,3.0,2,train,905.0,905.0,908.0,895.0,897.9706420898438,872.22998046875,923.7113037109375,884.31396484375,911.6273193359375,torch_image_resnet18_ascend,Image-only (ResNet18),#2E6F95,resnet18,False,npu,False,1.0
201330_2013110721_forecast-6h_png,201330,2013-11-07 21:00:00,forecast-6h,899.0,895.0,903.0,8.0,2,train,903.0,897.0,895.0,895.0,897.0546264648438,871.31396484375,922.7952880859375,883.39794921875,910.7113037109375,torch_image_resnet18_ascend,Image-only (ResNet18),#2E6F95,resnet18,False,npu,False,1.0
201330_2013110706_forecast-6h_png,201330,2013-11-07 06:00:00,forecast-6h,905.0,905.0,905.0,0.0,2,train,905.0,903.0,905.0,895.0,895.5089111328125,869.7682495117188,921.2495727539062,881.8522338867188,909.1655883789062,torch_image_resnet18_ascend,Image-only (ResNet18),#2E6F95,resnet18,False,npu,False,1.0
201330_2013110521_forecast-6h_png,201330,2013-11-05 21:00:00,forecast-6h,950.5,943.0,958.0,15.0,2,train,958.0,934.0,943.0,943.0,942.13134765625,916.3906860351562,967.8720092773438,928.4746704101562,955.7880249023438,torch_image_resnet18_ascend,Image-only (ResNet18),#2E6F95,resnet18,False,npu,False,1.0
201330_2013110318_forecast-6h_png,201330,2013-11-03 18:00:00,forecast-6h,1003.0,1002.0,1004.0,2.0,2,train,1004.0,1000.0,1002.0,1004.0,998.4367065429688,972.696044921875,1024.1773681640625,984.780029296875,1012.0933837890625,torch_image_resnet18_ascend,Image-only (ResNet18),#2E6F95,resnet18,False,npu,False,1.0
201330_2013110518_forecast-6h_png,201330,2013-11-05 18:00:00,forecast-6h,957.5,950.0,965.0,15.0,2,train,965.0,941.0,950.0,955.0,951.897216796875,926.1565551757812,977.6378784179688,938.2405395507812,965.5538940429688,torch_image_resnet18_ascend,Image-only (ResNet18),#2E6F95,resnet18,False,npu,False,1.0
201330_2013111021_forecast-6h_png,201330,2013-11-10 21:00:00,forecast-6h,980.5,978.0,983.0,5.0,2,train,983.0,974.0,978.0,973.0,974.5949096679688,948.854248046875,1000.3355712890625,960.938232421875,988.2515869140625,torch_image_resnet18_ascend,Image-only (ResNet18),#2E6F95,resnet18,False,npu,False,1.0
201330_2013111012_forecast-6h_png,201330,2013-11-10 12:00:00,forecast-6h,965.0,965.0,965.0,0.0,2,train,965.0,963.0,965.0,955.0,975.4840087890625,949.7433471679688,1001.2246704101562,953.1486206054688,997.8193969726562,torch_multimodal_resnet18_ascend,Multimodal (ResNet18),#4C8C68,resnet18,False,npu,False,1.0
201330_2013111018_forecast-6h_png,201330,2013-11-10 18:00:00,forecast-6h,975.0,975.0,975.0,0.0,2,train,975.0,970.0,975.0,970.0,979.2540893554688,953.513427734375,1004.9947509765625,956.918701171875,1001.5894775390625,torch_multimodal_resnet18_ascend,Multimodal (ResNet18),#4C8C68,resnet18,False,npu,False,1.0
201330_2013110703_forecast-6h_png,201330,2013-11-07 03:00:00,forecast-6h,906.5,905.0,908.0,3.0,2,train,905.0,905.0,908.0,895.0,941.7708740234375,916.0302124023438,967.5115356445312,919.4354858398438,964.1062622070312,torch_multimodal_resnet18_ascend,Multimodal (ResNet18),#4C8C68,resnet18,False,npu,False,1.0
201330_2013111006_forecast-6h_png,201330,2013-11-10 06:00:00,forecast-6h,960.0,960.0,960.0,0.0,2,train,960.0,963.0,960.0,955.0,981.0438842773438,955.30322265625,1006.7845458984375,958.70849609375,1003.3792724609375,torch_multimodal_resnet18_ascend,Multimodal (ResNet18),#4C8C68,resnet18,False,npu,False,1.0
201330_2013110318_forecast-6h_png,201330,2013-11-03 18:00:00,forecast-6h,1003.0,1002.0,1004.0,2.0,2,train,1004.0,1000.0,1002.0,1004.0,989.4522705078125,963.7116088867188,1015.1929321289062,967.1168823242188,1011.7876586914062,torch_multimodal_resnet18_ascend,Multimodal (ResNet18),#4C8C68,resnet18,False,npu,False,1.0
201330_2013110818_forecast-6h_png,201330,2013-11-08 18:00:00,forecast-6h,945.0,940.0,950.0,10.0,2,train,940.0,933.0,950.0,925.0,972.1466674804688,946.406005859375,997.8873291015625,949.811279296875,994.4820556640625,torch_multimodal_resnet18_ascend,Multimodal (ResNet18),#4C8C68,resnet18,False,npu,False,1.0
201330_2013110421_forecast-6h_png,201330,2013-11-04 21:00:00,forecast-6h,986.0,983.0,989.0,6.0,2,train,989.0,976.0,983.0,989.0,987.23388671875,961.4932250976562,1012.9745483398438,964.8984985351562,1009.5692749023438,torch_multimodal_resnet18_ascend,Multimodal (ResNet18),#4C8C68,resnet18,False,npu,False,1.0
201330_2013110912_forecast-6h_png,201330,2013-11-09 12:00:00,forecast-6h,947.5,945.0,950.0,5.0,2,train,945.0,948.0,950.0,940.0,974.67333984375,948.9326782226562,1000.4140014648438,952.3379516601562,997.0087280273438,torch_multimodal_resnet18_ascend,Multimodal (ResNet18),#4C8C68,resnet18,False,npu,False,1.0
201330_2013110621_forecast-6h_png,201330,2013-11-06 21:00:00,forecast-6h,910.0,905.0,915.0,10.0,2,train,905.0,907.0,915.0,898.0,945.3277587890625,919.5870971679688,971.0684204101562,922.9923706054688,967.6631469726562,torch_multimodal_resnet18_ascend,Multimodal (ResNet18),#4C8C68,resnet18,False,npu,False,1.0
201330_2013110812_forecast-6h_png,201330,2013-11-08 12:00:00,forecast-6h,940.0,940.0,940.0,0.0,2,train,940.0,926.0,940.0,915.0,968.8577880859375,943.1171264648438,994.5984497070312,946.5223999023438,991.1931762695312,torch_multimodal_resnet18_ascend,Multimodal (ResNet18),#4C8C68,resnet18,False,npu,False,1.0
201330_2013110903_forecast-6h_png,201330,2013-11-09 03:00:00,forecast-6h,945.0,940.0,950.0,10.0,2,train,940.0,941.0,950.0,935.0,972.859619140625,947.1189575195312,998.6002807617188,950.5242309570312,995.1950073242188,torch_multimodal_resnet18_ascend,Multimodal (ResNet18),#4C8C68,resnet18,False,npu,False,1.0
201330_2013110618_forecast-6h_png,201330,2013-11-06 18:00:00,forecast-6h,912.5,905.0,920.0,15.0,2,train,905.0,907.0,920.0,900.0,951.727294921875,925.9866333007812,977.4679565429688,929.3919067382812,974.0626831054688,torch_multimodal_resnet18_ascend,Multimodal (ResNet18),#4C8C68,resnet18,False,npu,False,1.0
201330_2013110806_forecast-6h_png,201330,2013-11-08 06:00:00,forecast-6h,935.0,930.0,940.0,10.0,2,train,940.0,914.0,930.0,910.0,939.8264770507812,914.0858154296875,965.567138671875,917.4910888671875,962.161865234375,torch_multimodal_resnet18_ascend,Multimodal (ResNet18),#4C8C68,resnet18,False,npu,False,1.0
201330_2013110409_forecast-6h_png,201330,2013-11-04 09:00:00,forecast-6h,996.0,993.0,999.0,6.0,2,train,999.0,991.0,993.0,999.0,987.603515625,961.8628540039062,1013.3441772460938,965.2681274414062,1009.9389038085938,torch_multimodal_resnet18_ascend,Multimodal (ResNet18),#4C8C68,resnet18,False,npu,False,1.0
201330_2013110600_forecast-6h_png,201330,2013-11-06 00:00:00,forecast-6h,942.5,935.0,950.0,15.0,2,train,950.0,926.0,935.0,930.0,972.687255859375,946.9465942382812,998.4279174804688,950.3518676757812,995.0226440429688,torch_multimodal_resnet18_ascend,Multimodal (ResNet18),#4C8C68,resnet18,False,npu,False,1.0
201330_2013110406_forecast-6h_png,201330,2013-11-04 06:00:00,forecast-6h,997.5,995.0,1000.0,5.0,2,train,1000.0,993.0,995.0,1000.0,987.65576171875,961.9151000976562,1013.3964233398438,965.3203735351562,1009.9911499023438,torch_multimodal_resnet18_ascend,Multimodal (ResNet18),#4C8C68,resnet18,False,npu,False,1.0
201330_2013110521_forecast-6h_png,201330,2013-11-05 21:00:00,forecast-6h,950.5,943.0,958.0,15.0,2,train,958.0,934.0,943.0,943.0,977.5836791992188,951.843017578125,1003.3243408203125,955.248291015625,999.9190673828125,torch_multimodal_resnet18_ascend,Multimodal (ResNet18),#4C8C68,resnet18,False,npu,False,1.0
201330_2013110415_forecast-6h_png,201330,2013-11-04 15:00:00,forecast-6h,991.5,988.0,995.0,7.0,2,train,995.0,986.0,988.0,995.0,980.987060546875,955.2463989257812,1006.7277221679688,958.6516723632812,1003.3224487304688,torch_multimodal_resnet18_ascend,Multimodal (ResNet18),#4C8C68,resnet18,False,npu,False,1.0
201330_2013110815_forecast-6h_png,201330,2013-11-08 15:00:00,forecast-6h,942.5,940.0,945.0,5.0,2,train,940.0,930.0,945.0,920.0,974.8031005859375,949.0624389648438,1000.5437622070312,952.4677124023438,997.1384887695312,torch_multimodal_resnet18_ascend,Multimodal (ResNet18),#4C8C68,resnet18,False,npu,False,1.0
201330_2013110915_forecast-6h_png,201330,2013-11-09 15:00:00,forecast-6h,949.0,948.0,950.0,2.0,2,train,948.0,950.0,950.0,945.0,969.7445678710938,944.00390625,995.4852294921875,947.4091796875,992.0799560546875,torch_multimodal_resnet18_ascend,Multimodal (ResNet18),#4C8C68,resnet18,False,npu,False,1.0
201330_2013111009_forecast-6h_png,201330,2013-11-10 09:00:00,forecast-6h,963.0,963.0,963.0,0.0,2,train,963.0,963.0,963.0,955.0,978.6067504882812,952.8660888671875,1004.347412109375,956.2713623046875,1000.942138671875,torch_multimodal_resnet18_ascend,Multimodal (ResNet18),#4C8C68,resnet18,False,npu,False,1.0
201330_2013110515_forecast-6h_png,201330,2013-11-05 15:00:00,forecast-6h,962.5,955.0,970.0,15.0,2,train,970.0,949.0,955.0,963.0,980.325927734375,954.5852661132812,1006.0665893554688,957.9905395507812,1002.6613159179688,torch_multimodal_resnet18_ascend,Multimodal (ResNet18),#4C8C68,resnet18,False,npu,False,1.0
201330_2013110712_forecast-6h_png,201330,2013-11-07 12:00:00,forecast-6h,895.0,895.0,895.0,0.0,2,train,895.0,895.0,895.0,895.0,940.8244018554688,915.083740234375,966.5650634765625,918.489013671875,963.1597900390625,torch_multimodal_resnet18_ascend,Multimodal (ResNet18),#4C8C68,resnet18,False,npu,False,1.0
201330_2013110418_forecast-6h_png,201330,2013-11-04 18:00:00,forecast-6h,988.5,985.0,992.0,7.0,2,train,992.0,982.0,985.0,992.0,984.4227905273438,958.68212890625,1010.1634521484375,962.08740234375,1006.7581787109375,torch_multimodal_resnet18_ascend,Multimodal (ResNet18),#4C8C68,resnet18,False,npu,False,1.0
201330_2013111100_forecast-6h_png,201330,2013-11-11 00:00:00,forecast-6h,985.0,980.0,990.0,10.0,2,train,990.0,978.0,980.0,975.0,984.4027099609375,958.6620483398438,1010.1433715820312,962.0673217773438,1006.7380981445312,torch_multimodal_resnet18_ascend,Multimodal (ResNet18),#4C8C68,resnet18,False,npu,False,1.0
201330_2013110512_forecast-6h_png,201330,2013-11-05 12:00:00,forecast-6h,967.5,960.0,975.0,15.0,2,train,975.0,956.0,960.0,970.0,978.543212890625,952.8025512695312,1004.2838745117188,956.2078247070312,1000.8786010742188,torch_multimodal_resnet18_ascend,Multimodal (ResNet18),#4C8C68,resnet18,False,npu,False,1.0
201330_2013110400_forecast-6h_png,201330,2013-11-04 00:00:00,forecast-6h,1001.0,1000.0,1002.0,2.0,2,train,1002.0,996.0,1000.0,1002.0,987.8161010742188,962.075439453125,1013.5567626953125,965.480712890625,1010.1514892578125,torch_multimodal_resnet18_ascend,Multimodal (ResNet18),#4C8C68,resnet18,False,npu,False,1.0
201330_2013110403_forecast-6h_png,201330,2013-11-04 03:00:00,forecast-6h,999.5,998.0,1001.0,3.0,2,train,1001.0,995.0,998.0,1001.0,988.110107421875,962.3694458007812,1013.8507690429688,965.7747192382812,1010.4454956054688,torch_multimodal_resnet18_ascend,Multimodal (ResNet18),#4C8C68,resnet18,False,npu,False,1.0
201330_2013110412_forecast-6h_png,201330,2013-11-04 12:00:00,forecast-6h,994.0,990.0,998.0,8.0,2,train,998.0,989.0,990.0,998.0,983.1961059570312,957.4554443359375,1008.936767578125,960.8607177734375,1005.531494140625,torch_multimodal_resnet18_ascend,Multimodal (ResNet18),#4C8C68,resnet18,False,npu,False,1.0
201330_2013111000_forecast-6h_png,201330,2013-11-10 00:00:00,forecast-6h,955.0,955.0,955.0,0.0,2,train,955.0,956.0,955.0,955.0,981.76513671875,956.0244750976562,1007.5057983398438,959.4297485351562,1004.1005249023438,torch_multimodal_resnet18_ascend,Multimodal (ResNet18),#4C8C68,resnet18,False,npu,False,1.0
201330_2013110606_forecast-6h_png,201330,2013-11-06 06:00:00,forecast-6h,932.5,930.0,935.0,5.0,2,train,930.0,922.0,935.0,920.0,960.6829223632812,934.9422607421875,986.423583984375,938.3475341796875,983.018310546875,torch_multimodal_resnet18_ascend,Multimodal (ResNet18),#4C8C68,resnet18,False,npu,False,1.0
201330_2013110615_forecast-6h_png,201330,2013-11-06 15:00:00,forecast-6h,916.5,913.0,920.0,7.0,2,train,913.0,909.0,920.0,905.0,956.4310302734375,930.6903686523438,982.1716918945312,934.0956420898438,978.7664184570312,torch_multimodal_resnet18_ascend,Multimodal (ResNet18),#4C8C68,resnet18,False,npu,False,1.0
201330_2013110906_forecast-6h_png,201330,2013-11-09 06:00:00,forecast-6h,945.0,940.0,950.0,10.0,2,train,940.0,944.0,950.0,935.0,972.052978515625,946.3123168945312,997.7936401367188,949.7175903320312,994.3883666992188,torch_multimodal_resnet18_ascend,Multimodal (ResNet18),#4C8C68,resnet18,False,npu,False,1.0
201330_2013111021_forecast-6h_png,201330,2013-11-10 21:00:00,forecast-6h,980.5,978.0,983.0,5.0,2,train,983.0,974.0,978.0,973.0,982.1907348632812,956.4500732421875,1007.931396484375,959.8553466796875,1004.526123046875,torch_multimodal_resnet18_ascend,Multimodal (ResNet18),#4C8C68,resnet18,False,npu,False,1.0
201330_2013110500_forecast-6h_png,201330,2013-11-05 00:00:00,forecast-6h,982.5,980.0,985.0,5.0,2,train,985.0,970.0,980.0,985.0,985.3041381835938,959.5634765625,1011.0447998046875,962.96875,1007.6395263671875,torch_multimodal_resnet18_ascend,Multimodal (ResNet18),#4C8C68,resnet18,False,npu,False,1.0
201330_2013110809_forecast-6h_png,201330,2013-11-08 09:00:00,forecast-6h,937.5,935.0,940.0,5.0,2,train,940.0,920.0,935.0,913.0,951.6905517578125,925.9498901367188,977.4312133789062,929.3551635742188,974.0259399414062,torch_multimodal_resnet18_ascend,Multimodal (ResNet18),#4C8C68,resnet18,False,npu,False,1.0
201330_2013110609_forecast-6h_png,201330,2013-11-06 09:00:00,forecast-6h,926.5,925.0,928.0,3.0,2,train,925.0,917.0,928.0,915.0,959.6809692382812,933.9403076171875,985.421630859375,937.3455810546875,982.016357421875,torch_multimodal_resnet18_ascend,Multimodal (ResNet18),#4C8C68,resnet18,False,npu,False,1.0
201330_2013110803_forecast-6h_png,201330,2013-11-08 03:00:00,forecast-6h,920.0,915.0,925.0,10.0,2,train,925.0,907.0,915.0,905.0,938.1256103515625,912.3849487304688,963.8662719726562,915.7902221679688,960.4609985351562,torch_multimodal_resnet18_ascend,Multimodal (ResNet18),#4C8C68,resnet18,False,npu,False,1.0
201330_2013110506_forecast-6h_png,201330,2013-11-05 06:00:00,forecast-6h,975.0,970.0,980.0,10.0,2,train,980.0,967.0,970.0,980.0,978.348876953125,952.6082153320312,1004.0895385742188,956.0134887695312,1000.6842651367188,torch_multimodal_resnet18_ascend,Multimodal (ResNet18),#4C8C68,resnet18,False,npu,False,1.0
201330_2013110700_forecast-6h_png,201330,2013-11-07 00:00:00,forecast-6h,907.5,905.0,910.0,5.0,2,train,905.0,907.0,910.0,895.0,942.0260009765625,916.2853393554688,967.7666625976562,919.6906127929688,964.3613891601562,torch_multimodal_resnet18_ascend,Multimodal (ResNet18),#4C8C68,resnet18,False,npu,False,1.0
201330_2013110709_forecast-6h_png,201330,2013-11-07 09:00:00,forecast-6h,900.0,900.0,900.0,0.0,2,train,900.0,899.0,900.0,895.0,942.3821411132812,916.6414794921875,968.122802734375,920.0467529296875,964.717529296875,torch_multimodal_resnet18_ascend,Multimodal (ResNet18),#4C8C68,resnet18,False,npu,False,1.0
201330_2013110900_forecast-6h_png,201330,2013-11-09 00:00:00,forecast-6h,945.0,940.0,950.0,10.0,2,train,940.0,937.0,950.0,935.0,973.8466796875,948.1060180664062,999.5873413085938,951.5112915039062,996.1820678710938,torch_multimodal_resnet18_ascend,Multimodal (ResNet18),#4C8C68,resnet18,False,npu,False,1.0
201330_2013110715_forecast-6h_png,201330,2013-11-07 15:00:00,forecast-6h,894.0,893.0,895.0,2.0,2,train,895.0,895.0,893.0,893.0,940.021728515625,914.2810668945312,965.7623901367188,917.6863403320312,962.3571166992188,torch_multimodal_resnet18_ascend,Multimodal (ResNet18),#4C8C68,resnet18,False,npu,False,1.0
201330_2013110909_forecast-6h_png,201330,2013-11-09 09:00:00,forecast-6h,946.5,943.0,950.0,7.0,2,train,943.0,946.0,950.0,938.0,973.8253173828125,948.0846557617188,999.5659790039062,951.4899291992188,996.1607055664062,torch_multimodal_resnet18_ascend,Multimodal (ResNet18),#4C8C68,resnet18,False,npu,False,1.0
201330_2013111003_forecast-6h_png,201330,2013-11-10 03:00:00,forecast-6h,958.0,958.0,958.0,0.0,2,train,958.0,960.0,958.0,955.0,982.19873046875,956.4580688476562,1007.9393920898438,959.8633422851562,1004.5341186523438,torch_multimodal_resnet18_ascend,Multimodal (ResNet18),#4C8C68,resnet18,False,npu,False,1.0
201330_2013111015_forecast-6h_png,201330,2013-11-10 15:00:00,forecast-6h,970.0,970.0,970.0,0.0,2,train,970.0,967.0,970.0,963.0,976.9935302734375,951.2528686523438,1002.7341918945312,954.6581420898438,999.3289184570312,torch_multimodal_resnet18_ascend,Multimodal (ResNet18),#4C8C68,resnet18,False,npu,False,1.0
201330_2013111103_forecast-6h_png,201330,2013-11-11 03:00:00,forecast-6h,992.5,988.0,997.0,9.0,2,train,997.0,984.0,988.0,980.0,983.2789916992188,957.538330078125,1009.0196533203125,960.943603515625,1005.6143798828125,torch_multimodal_resnet18_ascend,Multimodal (ResNet18),#4C8C68,resnet18,False,npu,False,1.0
201330_2013110921_forecast-6h_png,201330,2013-11-09 21:00:00,forecast-6h,953.0,953.0,953.0,0.0,2,train,953.0,954.0,953.0,953.0,973.97216796875,948.2315063476562,999.7128295898438,951.6367797851562,996.3075561523438,torch_multimodal_resnet18_ascend,Multimodal (ResNet18),#4C8C68,resnet18,False,npu,False,1.0
201330_2013110612_forecast-6h_png,201330,2013-11-06 12:00:00,forecast-6h,920.0,920.0,920.0,0.0,2,train,920.0,911.0,920.0,910.0,957.9059448242188,932.165283203125,983.6466064453125,935.570556640625,980.2413330078125,torch_multimodal_resnet18_ascend,Multimodal (ResNet18),#4C8C68,resnet18,False,npu,False,1.0
201330_2013110321_forecast-6h_png,201330,2013-11-03 21:00:00,forecast-6h,1002.0,1001.0,1003.0,2.0,2,train,1003.0,998.0,1001.0,1003.0,987.9581909179688,962.217529296875,1013.6988525390625,965.622802734375,1010.2935791015625,torch_multimodal_resnet18_ascend,Multimodal (ResNet18),#4C8C68,resnet18,False,npu,False,1.0
201330_2013110721_forecast-6h_png,201330,2013-11-07 21:00:00,forecast-6h,899.0,895.0,903.0,8.0,2,train,903.0,897.0,895.0,895.0,938.8290405273438,913.08837890625,964.5697021484375,916.49365234375,961.1644287109375,torch_multimodal_resnet18_ascend,Multimodal (ResNet18),#4C8C68,resnet18,False,npu,False,1.0
201330_2013110918_forecast-6h_png,201330,2013-11-09 18:00:00,forecast-6h,950.0,950.0,950.0,0.0,2,train,950.0,952.0,950.0,950.0,966.7110595703125,940.9703979492188,992.4517211914062,944.3756713867188,989.0464477539062,torch_multimodal_resnet18_ascend,Multimodal (ResNet18),#4C8C68,resnet18,False,npu,False,1.0
201330_2013111106_forecast-6h_png,201330,2013-11-11 06:00:00,forecast-6h,999.5,995.0,1004.0,9.0,2,train,1004.0,989.0,995.0,984.0,985.5061645507812,959.7655029296875,1011.246826171875,963.1707763671875,1007.841552734375,torch_multimodal_resnet18_ascend,Multimodal (ResNet18),#4C8C68,resnet18,False,npu,False,1.0
201330_2013110509_forecast-6h_png,201330,2013-11-05 09:00:00,forecast-6h,971.5,965.0,978.0,13.0,2,train,978.0,962.0,965.0,975.0,977.8114013671875,952.0707397460938,1003.5520629882812,955.4760131835938,1000.1467895507812,torch_multimodal_resnet18_ascend,Multimodal (ResNet18),#4C8C68,resnet18,False,npu,False,1.0
201330_2013110503_forecast-6h_png,201330,2013-11-05 03:00:00,forecast-6h,979.0,975.0,983.0,8.0,2,train,983.0,969.0,975.0,983.0,980.5272827148438,954.78662109375,1006.2679443359375,958.19189453125,1002.8626708984375,torch_multimodal_resnet18_ascend,Multimodal (ResNet18),#4C8C68,resnet18,False,npu,False,1.0
201330_2013110821_forecast-6h_png,201330,2013-11-08 21:00:00,forecast-6h,945.0,940.0,950.0,10.0,2,train,940.0,935.0,950.0,930.0,971.4327392578125,945.6920776367188,997.1734008789062,949.0973510742188,993.7681274414062,torch_multimodal_resnet18_ascend,Multimodal (ResNet18),#4C8C68,resnet18,False,npu,False,1.0
201330_2013110718_forecast-6h_png,201330,2013-11-07 18:00:00,forecast-6h,892.5,890.0,895.0,5.0,2,train,895.0,895.0,890.0,890.0,939.7633666992188,914.022705078125,965.5040283203125,917.427978515625,962.0987548828125,torch_multimodal_resnet18_ascend,Multimodal (ResNet18),#4C8C68,resnet18,False,npu,False,1.0
201330_2013110603_forecast-6h_png,201330,2013-11-06 03:00:00,forecast-6h,937.5,935.0,940.0,5.0,2,train,940.0,924.0,935.0,925.0,965.53759765625,939.7969360351562,991.2782592773438,943.2022094726562,987.8729858398438,torch_multimodal_resnet18_ascend,Multimodal (ResNet18),#4C8C68,resnet18,False,npu,False,1.0
201330_2013110800_forecast-6h_png,201330,2013-11-08 00:00:00,forecast-6h,905.0,900.0,910.0,10.0,2,train,910.0,899.0,900.0,900.0,937.5421142578125,911.8014526367188,963.2827758789062,915.2067260742188,959.8775024414062,torch_multimodal_resnet18_ascend,Multimodal (ResNet18),#4C8C68,resnet18,False,npu,False,1.0
201330_2013110706_forecast-6h_png,201330,2013-11-07 06:00:00,forecast-6h,905.0,905.0,905.0,0.0,2,train,905.0,903.0,905.0,895.0,942.621826171875,916.8811645507812,968.3624877929688,920.2864379882812,964.9572143554688,torch_multimodal_resnet18_ascend,Multimodal (ResNet18),#4C8C68,resnet18,False,npu,False,1.0
201330_2013110518_forecast-6h_png,201330,2013-11-05 18:00:00,forecast-6h,957.5,950.0,965.0,15.0,2,train,965.0,941.0,950.0,955.0,980.2202758789062,954.4796142578125,1005.9609375,957.8848876953125,1002.5556640625,torch_multimodal_resnet18_ascend,Multimodal (ResNet18),#4C8C68,resnet18,False,npu,False,1.0
201330_2013110400_forecast-12h_png,201330,2013-11-04 00:00:00,forecast-12h,1001.0,1000.0,1002.0,2.0,2,train,1002.0,996.0,1000.0,1002.0,983.4263804873744,958.6552133832876,1008.1975475914613,951.8081051370262,1015.0446558377226,metadata,Metadata baseline,#7C8894,,,,,
201330_2013110403_forecast-12h_png,201330,2013-11-04 03:00:00,forecast-12h,999.5,998.0,1001.0,3.0,2,train,1001.0,995.0,998.0,1001.0,985.3105506817193,960.5393835776324,1010.0817177858062,953.6922753313711,1016.9288260320675,metadata,Metadata baseline,#7C8894,,,,,
201330_2013110406_forecast-12h_png,201330,2013-11-04 06:00:00,forecast-12h,997.5,995.0,1000.0,5.0,2,train,1000.0,993.0,995.0,1000.0,991.043854620899,966.2726875168121,1015.8150217249859,959.4255792705508,1022.6621299712472,metadata,Metadata baseline,#7C8894,,,,,
201330_2013110409_forecast-12h_png,201330,2013-11-04 09:00:00,forecast-12h,996.0,993.0,999.0,6.0,2,train,999.0,991.0,993.0,999.0,988.1100886147033,963.3389215106164,1012.8812557187902,956.4918132643551,1019.7283639650515,metadata,Metadata baseline,#7C8894,,,,,
201330_2013110412_forecast-12h_png,201330,2013-11-04 12:00:00,forecast-12h,994.0,990.0,998.0,8.0,2,train,998.0,989.0,990.0,998.0,980.7746632316403,956.0034961275534,1005.5458303357271,949.1563878812921,1012.3929385819885,metadata,Metadata baseline,#7C8894,,,,,
201330_2013110415_forecast-12h_png,201330,2013-11-04 15:00:00,forecast-12h,991.5,988.0,995.0,7.0,2,train,995.0,986.0,988.0,995.0,982.9795791588442,958.2084120547573,1007.7507462629311,951.361303808496,1014.5978545091924,metadata,Metadata baseline,#7C8894,,,,,
201330_2013110418_forecast-12h_png,201330,2013-11-04 18:00:00,forecast-12h,988.5,985.0,992.0,7.0,2,train,992.0,982.0,985.0,992.0,984.6094779978926,959.8383108938057,1009.3806451019794,952.9912026475444,1016.2277533482408,metadata,Metadata baseline,#7C8894,,,,,
201330_2013110421_forecast-12h_png,201330,2013-11-04 21:00:00,forecast-12h,986.0,983.0,989.0,6.0,2,train,989.0,976.0,983.0,989.0,983.6484490205152,958.8772819164283,1008.419616124602,952.030173670167,1015.2667243708634,metadata,Metadata baseline,#7C8894,,,,,
201330_2013110500_forecast-12h_png,201330,2013-11-05 00:00:00,forecast-12h,982.5,980.0,985.0,5.0,2,train,985.0,970.0,980.0,985.0,978.9624775579562,954.1913104538693,1003.733644662043,947.344202207608,1010.5807529083044,metadata,Metadata baseline,#7C8894,,,,,
201330_2013110503_forecast-12h_png,201330,2013-11-05 03:00:00,forecast-12h,979.0,975.0,983.0,8.0,2,train,983.0,969.0,975.0,983.0,977.9197582127177,953.1485911086309,1002.6909253168046,946.3014828623695,1009.5380335630659,metadata,Metadata baseline,#7C8894,,,,,
201330_2013110506_forecast-12h_png,201330,2013-11-05 06:00:00,forecast-12h,975.0,970.0,980.0,10.0,2,train,980.0,967.0,970.0,980.0,977.6420965250941,952.8709294210072,1002.413263629181,946.0238211747459,1009.2603718754423,metadata,Metadata baseline,#7C8894,,,,,
201330_2013110509_forecast-12h_png,201330,2013-11-05 09:00:00,forecast-12h,971.5,965.0,978.0,13.0,2,train,978.0,962.0,965.0,975.0,978.3135583544947,953.5423912504078,1003.0847254585816,946.6952830041465,1009.9318337048429,metadata,Metadata baseline,#7C8894,,,,,
201330_2013110512_forecast-12h_png,201330,2013-11-05 12:00:00,forecast-12h,967.5,960.0,975.0,15.0,2,train,975.0,956.0,960.0,970.0,978.8177212152583,954.0465541111714,1003.5888883193452,947.1994458649101,1010.4359965656065,metadata,Metadata baseline,#7C8894,,,,,
201330_2013110515_forecast-12h_png,201330,2013-11-05 15:00:00,forecast-12h,962.5,955.0,970.0,15.0,2,train,970.0,949.0,955.0,963.0,976.5709264491625,951.7997593450756,1001.3420935532494,944.9526510988143,1008.1892017995107,metadata,Metadata baseline,#7C8894,,,,,
201330_2013110518_forecast-12h_png,201330,2013-11-05 18:00:00,forecast-12h,957.5,950.0,965.0,15.0,2,train,965.0,941.0,950.0,955.0,977.1207905568967,952.3496234528099,1001.8919576609836,945.5025152065485,1008.7390659072449,metadata,Metadata baseline,#7C8894,,,,,
201330_2013110521_forecast-12h_png,201330,2013-11-05 21:00:00,forecast-12h,950.5,943.0,958.0,15.0,2,train,958.0,934.0,943.0,943.0,974.479079163877,949.7079120597901,999.2502462679639,942.8608038135288,1006.0973545142252,metadata,Metadata baseline,#7C8894,,,,,
201330_2013110600_forecast-12h_png,201330,2013-11-06 00:00:00,forecast-12h,942.5,935.0,950.0,15.0,2,train,950.0,926.0,935.0,930.0,976.1427593970433,951.3715922929564,1000.9139265011302,944.5244840466951,1007.7610347473915,metadata,Metadata baseline,#7C8894,,,,,
201330_2013110603_forecast-12h_png,201330,2013-11-06 03:00:00,forecast-12h,937.5,935.0,940.0,5.0,2,train,940.0,924.0,935.0,925.0,975.2030532354108,950.431886131324,999.9742203394977,943.5847778850626,1006.821328585759,metadata,Metadata baseline,#7C8894,,,,,
201330_2013110606_forecast-12h_png,201330,2013-11-06 06:00:00,forecast-12h,932.5,930.0,935.0,5.0,2,train,930.0,922.0,935.0,920.0,974.5376654441151,949.7664983400282,999.308832548202,942.9193900937669,1006.1559407944633,metadata,Metadata baseline,#7C8894,,,,,
201330_2013110609_forecast-12h_png,201330,2013-11-06 09:00:00,forecast-12h,926.5,925.0,928.0,3.0,2,train,925.0,917.0,928.0,915.0,971.1562649609101,946.3850978568232,995.927432064997,939.5379896105619,1002.7745403112583,metadata,Metadata baseline,#7C8894,,,,,
201330_2013110612_forecast-12h_png,201330,2013-11-06 12:00:00,forecast-12h,920.0,920.0,920.0,0.0,2,train,920.0,911.0,920.0,910.0,970.7607318848972,945.9895647808103,995.531898988984,939.142456534549,1002.3790072352454,metadata,Metadata baseline,#7C8894,,,,,
201330_2013110615_forecast-12h_png,201330,2013-11-06 15:00:00,forecast-12h,916.5,913.0,920.0,7.0,2,train,913.0,909.0,920.0,905.0,970.7277546712195,945.9565875671326,995.4989217753064,939.1094793208713,1002.3460300215677,metadata,Metadata baseline,#7C8894,,,,,
201330_2013110618_forecast-12h_png,201330,2013-11-06 18:00:00,forecast-12h,912.5,905.0,920.0,15.0,2,train,905.0,907.0,920.0,900.0,971.0579989130349,946.286831808948,995.8291660171218,939.4397235626867,1002.6762742633831,metadata,Metadata baseline,#7C8894,,,,,
201330_2013110621_forecast-12h_png,201330,2013-11-06 21:00:00,forecast-12h,910.0,905.0,915.0,10.0,2,train,905.0,907.0,915.0,898.0,970.5239272827545,945.7527601786676,995.2950943868414,938.9056519324063,1002.1422026331027,metadata,Metadata baseline,#7C8894,,,,,
201330_2013110700_forecast-12h_png,201330,2013-11-07 00:00:00,forecast-12h,907.5,905.0,910.0,5.0,2,train,905.0,907.0,910.0,895.0,973.6129116235126,948.8417445194257,998.3840787275994,941.9946362731644,1005.2311869738608,metadata,Metadata baseline,#7C8894,,,,,
201330_2013110703_forecast-12h_png,201330,2013-11-07 03:00:00,forecast-12h,906.5,905.0,908.0,3.0,2,train,905.0,905.0,908.0,895.0,975.706874851347,950.9357077472602,1000.4780419554339,944.0885995009988,1007.3251502016952,metadata,Metadata baseline,#7C8894,,,,,
201330_2013110706_forecast-12h_png,201330,2013-11-07 06:00:00,forecast-12h,905.0,905.0,905.0,0.0,2,train,905.0,903.0,905.0,895.0,975.9798388072373,951.2086717031505,1000.7510059113242,944.3615634568891,1007.5981141575855,metadata,Metadata baseline,#7C8894,,,,,
201330_2013110709_forecast-12h_png,201330,2013-11-07 09:00:00,forecast-12h,900.0,900.0,900.0,0.0,2,train,900.0,899.0,900.0,895.0,974.0920806333679,949.320913529281,998.8632477374548,942.4738052830197,1005.7103559837161,metadata,Metadata baseline,#7C8894,,,,,
201330_2013110712_forecast-12h_png,201330,2013-11-07 12:00:00,forecast-12h,895.0,895.0,895.0,0.0,2,train,895.0,895.0,895.0,895.0,973.496457681969,948.7252905778821,998.2676247860559,941.8781823316208,1005.1147330323172,metadata,Metadata baseline,#7C8894,,,,,
201330_2013110715_forecast-12h_png,201330,2013-11-07 15:00:00,forecast-12h,894.0,893.0,895.0,2.0,2,train,895.0,895.0,893.0,893.0,973.1825729971088,948.4114058930219,997.9537401011956,941.5642976467606,1004.800848347457,metadata,Metadata baseline,#7C8894,,,,,
201330_2013110718_forecast-12h_png,201330,2013-11-07 18:00:00,forecast-12h,892.5,890.0,895.0,5.0,2,train,895.0,895.0,890.0,890.0,975.6663845353617,950.8952174312748,1000.4375516394485,944.0481091850135,1007.2846598857099,metadata,Metadata baseline,#7C8894,,,,,
201330_2013110721_forecast-12h_png,201330,2013-11-07 21:00:00,forecast-12h,899.0,895.0,903.0,8.0,2,train,903.0,897.0,895.0,895.0,979.0346005977502,954.2634334936633,1003.8057677018371,947.416325247402,1010.6528759480984,metadata,Metadata baseline,#7C8894,,,,,
201330_2013110800_forecast-12h_png,201330,2013-11-08 00:00:00,forecast-12h,905.0,900.0,910.0,10.0,2,train,910.0,899.0,900.0,900.0,982.1982224118857,957.4270553077988,1006.9693895159726,950.5799470615375,1013.8164977622339,metadata,Metadata baseline,#7C8894,,,,,
201330_2013110803_forecast-12h_png,201330,2013-11-08 03:00:00,forecast-12h,920.0,915.0,925.0,10.0,2,train,925.0,907.0,915.0,905.0,981.8143163573782,957.0431492532913,1006.5854834614651,950.19604100703,1013.4325917077264,metadata,Metadata baseline,#7C8894,,,,,
201330_2013110806_forecast-12h_png,201330,2013-11-08 06:00:00,forecast-12h,935.0,930.0,940.0,10.0,2,train,940.0,914.0,930.0,910.0,982.7453252621025,957.9741581580156,1007.5164923661894,951.1270499117543,1014.3636006124507,metadata,Metadata baseline,#7C8894,,,,,
201330_2013110809_forecast-12h_png,201330,2013-11-08 09:00:00,forecast-12h,937.5,935.0,940.0,5.0,2,train,940.0,920.0,935.0,913.0,981.8494403294641,957.0782732253772,1006.620607433551,950.2311649791159,1013.4677156798123,metadata,Metadata baseline,#7C8894,,,,,
201330_2013110812_forecast-12h_png,201330,2013-11-08 12:00:00,forecast-12h,940.0,940.0,940.0,0.0,2,train,940.0,926.0,940.0,915.0,982.1123250278116,957.3411579237247,1006.8834921318985,950.4940496774634,1013.7306003781598,metadata,Metadata baseline,#7C8894,,,,,
201330_2013110815_forecast-12h_png,201330,2013-11-08 15:00:00,forecast-12h,942.5,940.0,945.0,5.0,2,train,940.0,930.0,945.0,920.0,981.801781381816,957.0306142777291,1006.5729484859029,950.1835060314678,1013.4200567321642,metadata,Metadata baseline,#7C8894,,,,,
201330_2013110818_forecast-12h_png,201330,2013-11-08 18:00:00,forecast-12h,945.0,940.0,950.0,10.0,2,train,940.0,933.0,950.0,925.0,985.1903187055543,960.4191516014674,1009.9614858096412,953.5720433552061,1016.8085940559025,metadata,Metadata baseline,#7C8894,,,,,
201330_2013110821_forecast-12h_png,201330,2013-11-08 21:00:00,forecast-12h,945.0,940.0,950.0,10.0,2,train,940.0,935.0,950.0,930.0,986.1650100222898,961.393842918203,1010.9361771263767,954.5467346719416,1017.783285372638,metadata,Metadata baseline,#7C8894,,,,,
201330_2013110900_forecast-12h_png,201330,2013-11-09 00:00:00,forecast-12h,945.0,940.0,950.0,10.0,2,train,940.0,937.0,950.0,935.0,986.0433344413103,961.2721673372234,1010.8145015453972,954.4250590909621,1017.6616097916585,metadata,Metadata baseline,#7C8894,,,,,
201330_2013110903_forecast-12h_png,201330,2013-11-09 03:00:00,forecast-12h,945.0,940.0,950.0,10.0,2,train,940.0,941.0,950.0,935.0,986.5006415772792,961.7294744731923,1011.2718086813661,954.882366226931,1018.1189169276274,metadata,Metadata baseline,#7C8894,,,,,
201330_2013110906_forecast-12h_png,201330,2013-11-09 06:00:00,forecast-12h,945.0,940.0,950.0,10.0,2,train,940.0,944.0,950.0,935.0,985.9560267464769,961.18485964239,1010.7271938505638,954.3377513961287,1017.5743020968251,metadata,Metadata baseline,#7C8894,,,,,
201330_2013110909_forecast-12h_png,201330,2013-11-09 09:00:00,forecast-12h,946.5,943.0,950.0,7.0,2,train,943.0,946.0,950.0,938.0,985.0331257279481,960.2619586238612,1009.804292832035,953.4148503775999,1016.6514010782963,metadata,Metadata baseline,#7C8894,,,,,
201330_2013110912_forecast-12h_png,201330,2013-11-09 12:00:00,forecast-12h,947.5,945.0,950.0,5.0,2,train,945.0,948.0,950.0,940.0,985.1291707754564,960.3580036713695,1009.9003378795433,953.5108954251082,1016.7474461258046,metadata,Metadata baseline,#7C8894,,,,,
201330_2013110915_forecast-12h_png,201330,2013-11-09 15:00:00,forecast-12h,949.0,948.0,950.0,2.0,2,train,948.0,950.0,950.0,945.0,986.820590562166,962.0494234580791,1011.5917576662529,955.2023152118178,1018.4388659125142,metadata,Metadata baseline,#7C8894,,,,,
201330_2013110918_forecast-12h_png,201330,2013-11-09 18:00:00,forecast-12h,950.0,950.0,950.0,0.0,2,train,950.0,952.0,950.0,950.0,985.8489300183431,961.0777629142563,1010.62009712243,954.2306546679949,1017.4672053686913,metadata,Metadata baseline,#7C8894,,,,,
201330_2013110921_forecast-12h_png,201330,2013-11-09 21:00:00,forecast-12h,953.0,953.0,953.0,0.0,2,train,953.0,954.0,953.0,953.0,988.5849208703039,963.813753766217,1013.3560879743908,956.9666455199557,1020.2031962206521,metadata,Metadata baseline,#7C8894,,,,,
201330_2013111000_forecast-12h_png,201330,2013-11-10 00:00:00,forecast-12h,955.0,955.0,955.0,0.0,2,train,955.0,956.0,955.0,955.0,988.2093264187483,963.4381593146614,1012.9804935228352,956.5910510684001,1019.8276017690965,metadata,Metadata baseline,#7C8894,,,,,
201330_2013111003_forecast-12h_png,201330,2013-11-10 03:00:00,forecast-12h,958.0,958.0,958.0,0.0,2,train,958.0,960.0,958.0,955.0,984.2622391073335,959.4910720032466,1009.0334062114204,952.6439637569853,1015.8805144576817,metadata,Metadata baseline,#7C8894,,,,,
201330_2013111006_forecast-12h_png,201330,2013-11-10 06:00:00,forecast-12h,960.0,960.0,960.0,0.0,2,train,960.0,963.0,960.0,955.0,985.8976928000774,961.1265256959905,1010.6688599041643,954.2794174497292,1017.5159681504256,metadata,Metadata baseline,#7C8894,,,,,
201330_2013111009_forecast-12h_png,201330,2013-11-10 09:00:00,forecast-12h,963.0,963.0,963.0,0.0,2,train,963.0,963.0,963.0,955.0,986.4853881855661,961.7142210814792,1011.256555289653,954.8671128352179,1018.1036635359143,metadata,Metadata baseline,#7C8894,,,,,
201330_2013111012_forecast-12h_png,201330,2013-11-10 12:00:00,forecast-12h,965.0,965.0,965.0,0.0,2,train,965.0,963.0,965.0,955.0,989.4179983269875,964.6468312229006,1014.1891654310743,957.7997229766393,1021.0362736773357,metadata,Metadata baseline,#7C8894,,,,,
201330_2013111015_forecast-12h_png,201330,2013-11-10 15:00:00,forecast-12h,970.0,970.0,970.0,0.0,2,train,970.0,967.0,970.0,963.0,992.0931880822371,967.3220209781502,1016.864355186324,960.4749127318889,1023.7114634325853,metadata,Metadata baseline,#7C8894,,,,,
201330_2013111018_forecast-12h_png,201330,2013-11-10 18:00:00,forecast-12h,975.0,975.0,975.0,0.0,2,train,975.0,970.0,975.0,970.0,993.6689610976593,968.8977939935725,1018.4401282017462,962.0506857473111,1025.2872364480074,metadata,Metadata baseline,#7C8894,,,,,
201330_2013111021_forecast-12h_png,201330,2013-11-10 21:00:00,forecast-12h,980.5,978.0,983.0,5.0,2,train,983.0,974.0,978.0,973.0,994.7197770021313,969.9486098980444,1019.4909441062182,963.1015016517831,1026.3380523524795,metadata,Metadata baseline,#7C8894,,,,,
201330_2013111100_forecast-12h_png,201330,2013-11-11 00:00:00,forecast-12h,985.0,980.0,990.0,10.0,2,train,990.0,978.0,980.0,975.0,997.6552420338546,972.8840749297677,1022.4264091379415,966.0369666835064,1029.2735173842027,metadata,Metadata baseline,#7C8894,,,,,
201330_2013111103_forecast-12h_png,201330,2013-11-11 03:00:00,forecast-12h,992.5,988.0,997.0,9.0,2,train,997.0,984.0,988.0,980.0,993.6665094578282,968.8953423537413,1018.437676561915,962.04823410748,1025.2847848081763,metadata,Metadata baseline,#7C8894,,,,,
201330_2013111106_forecast-12h_png,201330,2013-11-11 06:00:00,forecast-12h,999.5,995.0,1004.0,9.0,2,train,1004.0,989.0,995.0,984.0,995.0301149347055,970.2589478306186,1019.8012820387924,963.4118395843573,1026.6483902850537,metadata,Metadata baseline,#7C8894,,,,,
201330_2013110709_forecast-12h_png,201330,2013-11-07 09:00:00,forecast-12h,900.0,900.0,900.0,0.0,2,train,900.0,899.0,900.0,895.0,907.2552490234375,881.5145874023438,932.9959106445312,889.9979858398438,924.5125122070312,torch_image_resnet18_ascend,Image-only (ResNet18),#2E6F95,resnet18,False,npu,False,1.0
201330_2013110906_forecast-12h_png,201330,2013-11-09 06:00:00,forecast-12h,945.0,940.0,950.0,10.0,2,train,940.0,944.0,950.0,935.0,956.7581787109375,931.0175170898438,982.4988403320312,939.5009155273438,974.0154418945312,torch_image_resnet18_ascend,Image-only (ResNet18),#2E6F95,resnet18,False,npu,False,1.0
201330_2013110500_forecast-12h_png,201330,2013-11-05 00:00:00,forecast-12h,982.5,980.0,985.0,5.0,2,train,985.0,970.0,980.0,985.0,985.9270629882812,960.1864013671875,1011.667724609375,968.6697998046875,1003.184326171875,torch_image_resnet18_ascend,Image-only (ResNet18),#2E6F95,resnet18,False,npu,False,1.0
201330_2013110600_forecast-12h_png,201330,2013-11-06 00:00:00,forecast-12h,942.5,935.0,950.0,15.0,2,train,950.0,926.0,935.0,930.0,959.0391235351562,933.2984619140625,984.77978515625,941.7818603515625,976.29638671875,torch_image_resnet18_ascend,Image-only (ResNet18),#2E6F95,resnet18,False,npu,False,1.0
201330_2013110403_forecast-12h_png,201330,2013-11-04 03:00:00,forecast-12h,999.5,998.0,1001.0,3.0,2,train,1001.0,995.0,998.0,1001.0,988.3355102539062,962.5948486328125,1014.076171875,971.0782470703125,1005.5927734375,torch_image_resnet18_ascend,Image-only (ResNet18),#2E6F95,resnet18,False,npu,False,1.0
201330_2013110718_forecast-12h_png,201330,2013-11-07 18:00:00,forecast-12h,892.5,890.0,895.0,5.0,2,train,895.0,895.0,890.0,890.0,911.966552734375,886.2258911132812,937.7072143554688,894.7092895507812,929.2238159179688,torch_image_resnet18_ascend,Image-only (ResNet18),#2E6F95,resnet18,False,npu,False,1.0
201330_2013110612_forecast-12h_png,201330,2013-11-06 12:00:00,forecast-12h,920.0,920.0,920.0,0.0,2,train,920.0,911.0,920.0,910.0,923.2239990234375,897.4833374023438,948.9646606445312,905.9667358398438,940.4812622070312,torch_image_resnet18_ascend,Image-only (ResNet18),#2E6F95,resnet18,False,npu,False,1.0
201330_2013110715_forecast-12h_png,201330,2013-11-07 15:00:00,forecast-12h,894.0,893.0,895.0,2.0,2,train,895.0,895.0,893.0,893.0,908.8663940429688,883.125732421875,934.6070556640625,891.609130859375,926.1236572265625,torch_image_resnet18_ascend,Image-only (ResNet18),#2E6F95,resnet18,False,npu,False,1.0
201330_2013110703_forecast-12h_png,201330,2013-11-07 03:00:00,forecast-12h,906.5,905.0,908.0,3.0,2,train,905.0,905.0,908.0,895.0,911.9428100585938,886.2021484375,937.6834716796875,894.685546875,929.2000732421875,torch_image_resnet18_ascend,Image-only (ResNet18),#2E6F95,resnet18,False,npu,False,1.0
201330_2013111106_forecast-12h_png,201330,2013-11-11 06:00:00,forecast-12h,999.5,995.0,1004.0,9.0,2,train,1004.0,989.0,995.0,984.0,966.7396240234375,940.9989624023438,992.4802856445312,949.4823608398438,983.9968872070312,torch_image_resnet18_ascend,Image-only (ResNet18),#2E6F95,resnet18,False,npu,False,1.0
201330_2013110918_forecast-12h_png,201330,2013-11-09 18:00:00,forecast-12h,950.0,950.0,950.0,0.0,2,train,950.0,952.0,950.0,950.0,954.134765625,928.3941040039062,979.8754272460938,936.8775024414062,971.3920288085938,torch_image_resnet18_ascend,Image-only (ResNet18),#2E6F95,resnet18,False,npu,False,1.0
201330_2013110900_forecast-12h_png,201330,2013-11-09 00:00:00,forecast-12h,945.0,940.0,950.0,10.0,2,train,940.0,937.0,950.0,935.0,961.99853515625,936.2578735351562,987.7391967773438,944.7412719726562,979.2557983398438,torch_image_resnet18_ascend,Image-only (ResNet18),#2E6F95,resnet18,False,npu,False,1.0
201330_2013110818_forecast-12h_png,201330,2013-11-08 18:00:00,forecast-12h,945.0,940.0,950.0,10.0,2,train,940.0,933.0,950.0,925.0,958.2670288085938,932.5263671875,984.0076904296875,941.009765625,975.5242919921875,torch_image_resnet18_ascend,Image-only (ResNet18),#2E6F95,resnet18,False,npu,False,1.0
201330_2013110609_forecast-12h_png,201330,2013-11-06 09:00:00,forecast-12h,926.5,925.0,928.0,3.0,2,train,925.0,917.0,928.0,915.0,932.2548217773438,906.51416015625,957.9954833984375,914.99755859375,949.5120849609375,torch_image_resnet18_ascend,Image-only (ResNet18),#2E6F95,resnet18,False,npu,False,1.0
201330_2013110415_forecast-12h_png,201330,2013-11-04 15:00:00,forecast-12h,991.5,988.0,995.0,7.0,2,train,995.0,986.0,988.0,995.0,991.3350219726562,965.5943603515625,1017.07568359375,974.0777587890625,1008.59228515625,torch_image_resnet18_ascend,Image-only (ResNet18),#2E6F95,resnet18,False,npu,False,1.0
201330_2013111003_forecast-12h_png,201330,2013-11-10 03:00:00,forecast-12h,958.0,958.0,958.0,0.0,2,train,958.0,960.0,958.0,955.0,965.0038452148438,939.26318359375,990.7445068359375,947.74658203125,982.2611083984375,torch_image_resnet18_ascend,Image-only (ResNet18),#2E6F95,resnet18,False,npu,False,1.0
201330_2013110606_forecast-12h_png,201330,2013-11-06 06:00:00,forecast-12h,932.5,930.0,935.0,5.0,2,train,930.0,922.0,935.0,920.0,945.5152587890625,919.7745971679688,971.2559204101562,928.2579956054688,962.7725219726562,torch_image_resnet18_ascend,Image-only (ResNet18),#2E6F95,resnet18,False,npu,False,1.0
201330_2013111015_forecast-12h_png,201330,2013-11-10 15:00:00,forecast-12h,970.0,970.0,970.0,0.0,2,train,970.0,967.0,970.0,963.0,953.4207153320312,927.6800537109375,979.161376953125,936.1634521484375,970.677978515625,torch_image_resnet18_ascend,Image-only (ResNet18),#2E6F95,resnet18,False,npu,False,1.0
201330_2013110700_forecast-12h_png,201330,2013-11-07 00:00:00,forecast-12h,907.5,905.0,910.0,5.0,2,train,905.0,907.0,910.0,895.0,919.1507568359375,893.4100952148438,944.8914184570312,901.8934936523438,936.4080200195312,torch_image_resnet18_ascend,Image-only (ResNet18),#2E6F95,resnet18,False,npu,False,1.0
201330_2013110912_forecast-12h_png,201330,2013-11-09 12:00:00,forecast-12h,947.5,945.0,950.0,5.0,2,train,945.0,948.0,950.0,940.0,954.7227172851562,928.9820556640625,980.46337890625,937.4654541015625,971.97998046875,torch_image_resnet18_ascend,Image-only (ResNet18),#2E6F95,resnet18,False,npu,False,1.0
201330_2013110406_forecast-12h_png,201330,2013-11-04 06:00:00,forecast-12h,997.5,995.0,1000.0,5.0,2,train,1000.0,993.0,995.0,1000.0,993.7593994140625,968.0187377929688,1019.5000610351562,976.5021362304688,1011.0166625976562,torch_image_resnet18_ascend,Image-only (ResNet18),#2E6F95,resnet18,False,npu,False,1.0
201330_2013110503_forecast-12h_png,201330,2013-11-05 03:00:00,forecast-12h,979.0,975.0,983.0,8.0,2,train,983.0,969.0,975.0,983.0,991.1004638671875,965.3598022460938,1016.8411254882812,973.8432006835938,1008.3577270507812,torch_image_resnet18_ascend,Image-only (ResNet18),#2E6F95,resnet18,False,npu,False,1.0
201330_2013110409_forecast-12h_png,201330,2013-11-04 09:00:00,forecast-12h,996.0,993.0,999.0,6.0,2,train,999.0,991.0,993.0,999.0,997.960205078125,972.2195434570312,1023.7008666992188,980.7029418945312,1015.2174682617188,torch_image_resnet18_ascend,Image-only (ResNet18),#2E6F95,resnet18,False,npu,False,1.0
201330_2013110903_forecast-12h_png,201330,2013-11-09 03:00:00,forecast-12h,945.0,940.0,950.0,10.0,2,train,940.0,941.0,950.0,935.0,954.6891479492188,928.948486328125,980.4298095703125,937.431884765625,971.9464111328125,torch_image_resnet18_ascend,Image-only (ResNet18),#2E6F95,resnet18,False,npu,False,1.0
201330_2013111018_forecast-12h_png,201330,2013-11-10 18:00:00,forecast-12h,975.0,975.0,975.0,0.0,2,train,975.0,970.0,975.0,970.0,953.4558715820312,927.7152099609375,979.196533203125,936.1986083984375,970.713134765625,torch_image_resnet18_ascend,Image-only (ResNet18),#2E6F95,resnet18,False,npu,False,1.0
201330_2013110815_forecast-12h_png,201330,2013-11-08 15:00:00,forecast-12h,942.5,940.0,945.0,5.0,2,train,940.0,930.0,945.0,920.0,932.8079223632812,907.0672607421875,958.548583984375,915.5506591796875,950.065185546875,torch_image_resnet18_ascend,Image-only (ResNet18),#2E6F95,resnet18,False,npu,False,1.0
201330_2013110621_forecast-12h_png,201330,2013-11-06 21:00:00,forecast-12h,910.0,905.0,915.0,10.0,2,train,905.0,907.0,915.0,898.0,924.9546508789062,899.2139892578125,950.6953125,907.6973876953125,942.2119140625,torch_image_resnet18_ascend,Image-only (ResNet18),#2E6F95,resnet18,False,npu,False,1.0
201330_2013111100_forecast-12h_png,201330,2013-11-11 00:00:00,forecast-12h,985.0,980.0,990.0,10.0,2,train,990.0,978.0,980.0,975.0,961.5654296875,935.8247680664062,987.3060913085938,944.3081665039062,978.8226928710938,torch_image_resnet18_ascend,Image-only (ResNet18),#2E6F95,resnet18,False,npu,False,1.0
201330_2013110509_forecast-12h_png,201330,2013-11-05 09:00:00,forecast-12h,971.5,965.0,978.0,13.0,2,train,978.0,962.0,965.0,975.0,986.183837890625,960.4431762695312,1011.9244995117188,968.9265747070312,1003.4411010742188,torch_image_resnet18_ascend,Image-only (ResNet18),#2E6F95,resnet18,False,npu,False,1.0
201330_2013110506_forecast-12h_png,201330,2013-11-05 06:00:00,forecast-12h,975.0,970.0,980.0,10.0,2,train,980.0,967.0,970.0,980.0,992.3264770507812,966.5858154296875,1018.067138671875,975.0692138671875,1009.583740234375,torch_image_resnet18_ascend,Image-only (ResNet18),#2E6F95,resnet18,False,npu,False,1.0
201330_2013110800_forecast-12h_png,201330,2013-11-08 00:00:00,forecast-12h,905.0,900.0,910.0,10.0,2,train,910.0,899.0,900.0,900.0,911.0490112304688,885.308349609375,936.7896728515625,893.791748046875,928.3062744140625,torch_image_resnet18_ascend,Image-only (ResNet18),#2E6F95,resnet18,False,npu,False,1.0
201330_2013110706_forecast-12h_png,201330,2013-11-07 06:00:00,forecast-12h,905.0,905.0,905.0,0.0,2,train,905.0,903.0,905.0,895.0,908.108642578125,882.3679809570312,933.8493041992188,890.8513793945312,925.3659057617188,torch_image_resnet18_ascend,Image-only (ResNet18),#2E6F95,resnet18,False,npu,False,1.0
201330_2013110909_forecast-12h_png,201330,2013-11-09 09:00:00,forecast-12h,946.5,943.0,950.0,7.0,2,train,943.0,946.0,950.0,938.0,955.3040161132812,929.5633544921875,981.044677734375,938.0467529296875,972.561279296875,torch_image_resnet18_ascend,Image-only (ResNet18),#2E6F95,resnet18,False,npu,False,1.0
201330_2013110615_forecast-12h_png,201330,2013-11-06 15:00:00,forecast-12h,916.5,913.0,920.0,7.0,2,train,913.0,909.0,920.0,905.0,923.3538818359375,897.6132202148438,949.0945434570312,906.0966186523438,940.6111450195312,torch_image_resnet18_ascend,Image-only (ResNet18),#2E6F95,resnet18,False,npu,False,1.0
201330_2013110806_forecast-12h_png,201330,2013-11-08 06:00:00,forecast-12h,935.0,930.0,940.0,10.0,2,train,940.0,914.0,930.0,910.0,909.2423095703125,883.5016479492188,934.9829711914062,891.9850463867188,926.4995727539062,torch_image_resnet18_ascend,Image-only (ResNet18),#2E6F95,resnet18,False,npu,False,1.0
201330_2013110521_forecast-12h_png,201330,2013-11-05 21:00:00,forecast-12h,950.5,943.0,958.0,15.0,2,train,958.0,934.0,943.0,943.0,964.7603759765625,939.0197143554688,990.5010375976562,947.5031127929688,982.0176391601562,torch_image_resnet18_ascend,Image-only (ResNet18),#2E6F95,resnet18,False,npu,False,1.0
201330_2013110915_forecast-12h_png,201330,2013-11-09 15:00:00,forecast-12h,949.0,948.0,950.0,2.0,2,train,948.0,950.0,950.0,945.0,954.8529663085938,929.1123046875,980.5936279296875,937.595703125,972.1102294921875,torch_image_resnet18_ascend,Image-only (ResNet18),#2E6F95,resnet18,False,npu,False,1.0
201330_2013110512_forecast-12h_png,201330,2013-11-05 12:00:00,forecast-12h,967.5,960.0,975.0,15.0,2,train,975.0,956.0,960.0,970.0,983.029052734375,957.2883911132812,1008.7697143554688,965.7717895507812,1000.2863159179688,torch_image_resnet18_ascend,Image-only (ResNet18),#2E6F95,resnet18,False,npu,False,1.0
201330_2013110418_forecast-12h_png,201330,2013-11-04 18:00:00,forecast-12h,988.5,985.0,992.0,7.0,2,train,992.0,982.0,985.0,992.0,988.7589111328125,963.0182495117188,1014.4995727539062,971.5016479492188,1006.0161743164062,torch_image_resnet18_ascend,Image-only (ResNet18),#2E6F95,resnet18,False,npu,False,1.0
201330_2013110515_forecast-12h_png,201330,2013-11-05 15:00:00,forecast-12h,962.5,955.0,970.0,15.0,2,train,970.0,949.0,955.0,963.0,983.5955200195312,957.8548583984375,1009.336181640625,966.3382568359375,1000.852783203125,torch_image_resnet18_ascend,Image-only (ResNet18),#2E6F95,resnet18,False,npu,False,1.0
201330_2013110421_forecast-12h_png,201330,2013-11-04 21:00:00,forecast-12h,986.0,983.0,989.0,6.0,2,train,989.0,976.0,983.0,989.0,987.2052612304688,961.464599609375,1012.9459228515625,969.947998046875,1004.4625244140625,torch_image_resnet18_ascend,Image-only (ResNet18),#2E6F95,resnet18,False,npu,False,1.0
201330_2013111012_forecast-12h_png,201330,2013-11-10 12:00:00,forecast-12h,965.0,965.0,965.0,0.0,2,train,965.0,963.0,965.0,955.0,959.1117553710938,933.37109375,984.8524169921875,941.8544921875,976.3690185546875,torch_image_resnet18_ascend,Image-only (ResNet18),#2E6F95,resnet18,False,npu,False,1.0
201330_2013110518_forecast-12h_png,201330,2013-11-05 18:00:00,forecast-12h,957.5,950.0,965.0,15.0,2,train,965.0,941.0,950.0,955.0,977.3602294921875,951.6195678710938,1003.1008911132812,960.1029663085938,994.6174926757812,torch_image_resnet18_ascend,Image-only (ResNet18),#2E6F95,resnet18,False,npu,False,1.0
201330_2013111000_forecast-12h_png,201330,2013-11-10 00:00:00,forecast-12h,955.0,955.0,955.0,0.0,2,train,955.0,956.0,955.0,955.0,955.7023315429688,929.961669921875,981.4429931640625,938.445068359375,972.9595947265625,torch_image_resnet18_ascend,Image-only (ResNet18),#2E6F95,resnet18,False,npu,False,1.0
201330_2013110921_forecast-12h_png,201330,2013-11-09 21:00:00,forecast-12h,953.0,953.0,953.0,0.0,2,train,953.0,954.0,953.0,953.0,954.8015747070312,929.0609130859375,980.542236328125,937.5443115234375,972.058837890625,torch_image_resnet18_ascend,Image-only (ResNet18),#2E6F95,resnet18,False,npu,False,1.0
201330_2013111009_forecast-12h_png,201330,2013-11-10 09:00:00,forecast-12h,963.0,963.0,963.0,0.0,2,train,963.0,963.0,963.0,955.0,964.1150512695312,938.3743896484375,989.855712890625,946.8577880859375,981.372314453125,torch_image_resnet18_ascend,Image-only (ResNet18),#2E6F95,resnet18,False,npu,False,1.0
201330_2013110721_forecast-12h_png,201330,2013-11-07 21:00:00,forecast-12h,899.0,895.0,903.0,8.0,2,train,903.0,897.0,895.0,895.0,912.9323120117188,887.191650390625,938.6729736328125,895.675048828125,930.1895751953125,torch_image_resnet18_ascend,Image-only (ResNet18),#2E6F95,resnet18,False,npu,False,1.0
201330_2013110603_forecast-12h_png,201330,2013-11-06 03:00:00,forecast-12h,937.5,935.0,940.0,5.0,2,train,940.0,924.0,935.0,925.0,955.404052734375,929.6633911132812,981.1447143554688,938.1467895507812,972.6613159179688,torch_image_resnet18_ascend,Image-only (ResNet18),#2E6F95,resnet18,False,npu,False,1.0
201330_2013111021_forecast-12h_png,201330,2013-11-10 21:00:00,forecast-12h,980.5,978.0,983.0,5.0,2,train,983.0,974.0,978.0,973.0,957.4694213867188,931.728759765625,983.2100830078125,940.212158203125,974.7266845703125,torch_image_resnet18_ascend,Image-only (ResNet18),#2E6F95,resnet18,False,npu,False,1.0
201330_2013110821_forecast-12h_png,201330,2013-11-08 21:00:00,forecast-12h,945.0,940.0,950.0,10.0,2,train,940.0,935.0,950.0,930.0,967.3939208984375,941.6532592773438,993.1345825195312,950.1366577148438,984.6511840820312,torch_image_resnet18_ascend,Image-only (ResNet18),#2E6F95,resnet18,False,npu,False,1.0
201330_2013110812_forecast-12h_png,201330,2013-11-08 12:00:00,forecast-12h,940.0,940.0,940.0,0.0,2,train,940.0,926.0,940.0,915.0,913.6336059570312,887.8929443359375,939.374267578125,896.3763427734375,930.890869140625,torch_image_resnet18_ascend,Image-only (ResNet18),#2E6F95,resnet18,False,npu,False,1.0
201330_2013110803_forecast-12h_png,201330,2013-11-08 03:00:00,forecast-12h,920.0,915.0,925.0,10.0,2,train,925.0,907.0,915.0,905.0,909.4391479492188,883.698486328125,935.1798095703125,892.181884765625,926.6964111328125,torch_image_resnet18_ascend,Image-only (ResNet18),#2E6F95,resnet18,False,npu,False,1.0
201330_2013110412_forecast-12h_png,201330,2013-11-04 12:00:00,forecast-12h,994.0,990.0,998.0,8.0,2,train,998.0,989.0,990.0,998.0,996.6596069335938,970.9189453125,1022.4002685546875,979.40234375,1013.9168701171875,torch_image_resnet18_ascend,Image-only (ResNet18),#2E6F95,resnet18,False,npu,False,1.0
201330_2013110809_forecast-12h_png,201330,2013-11-08 09:00:00,forecast-12h,937.5,935.0,940.0,5.0,2,train,940.0,920.0,935.0,913.0,910.6173095703125,884.8766479492188,936.3579711914062,893.3600463867188,927.8745727539062,torch_image_resnet18_ascend,Image-only (ResNet18),#2E6F95,resnet18,False,npu,False,1.0
201330_2013111103_forecast-12h_png,201330,2013-11-11 03:00:00,forecast-12h,992.5,988.0,997.0,9.0,2,train,997.0,984.0,988.0,980.0,962.7218017578125,936.9811401367188,988.4624633789062,945.4645385742188,979.9790649414062,torch_image_resnet18_ascend,Image-only (ResNet18),#2E6F95,resnet18,False,npu,False,1.0
201330_2013111006_forecast-12h_png,201330,2013-11-10 06:00:00,forecast-12h,960.0,960.0,960.0,0.0,2,train,960.0,963.0,960.0,955.0,966.5416870117188,940.801025390625,992.2823486328125,949.284423828125,983.7989501953125,torch_image_resnet18_ascend,Image-only (ResNet18),#2E6F95,resnet18,False,npu,False,1.0
201330_2013110712_forecast-12h_png,201330,2013-11-07 12:00:00,forecast-12h,895.0,895.0,895.0,0.0,2,train,895.0,895.0,895.0,895.0,907.0908813476562,881.3502197265625,932.83154296875,889.8336181640625,924.34814453125,torch_image_resnet18_ascend,Image-only (ResNet18),#2E6F95,resnet18,False,npu,False,1.0
201330_2013110400_forecast-12h_png,201330,2013-11-04 00:00:00,forecast-12h,1001.0,1000.0,1002.0,2.0,2,train,1002.0,996.0,1000.0,1002.0,990.6878051757812,964.9471435546875,1016.428466796875,973.4305419921875,1007.945068359375,torch_image_resnet18_ascend,Image-only (ResNet18),#2E6F95,resnet18,False,npu,False,1.0
201330_2013110618_forecast-12h_png,201330,2013-11-06 18:00:00,forecast-12h,912.5,905.0,920.0,15.0,2,train,905.0,907.0,920.0,900.0,925.319091796875,899.5784301757812,951.0597534179688,908.0618286132812,942.5763549804688,torch_image_resnet18_ascend,Image-only (ResNet18),#2E6F95,resnet18,False,npu,False,1.0
201330_2013111009_forecast-12h_png,201330,2013-11-10 09:00:00,forecast-12h,963.0,963.0,963.0,0.0,2,train,963.0,963.0,963.0,955.0,973.9149780273438,948.17431640625,999.6556396484375,952.2986450195312,995.5313110351562,torch_multimodal_resnet18_ascend,Multimodal (ResNet18),#4C8C68,resnet18,False,npu,False,1.0
201330_2013110818_forecast-12h_png,201330,2013-11-08 18:00:00,forecast-12h,945.0,940.0,950.0,10.0,2,train,940.0,933.0,950.0,925.0,969.73583984375,943.9951782226562,995.4765014648438,948.1195068359375,991.3521728515625,torch_multimodal_resnet18_ascend,Multimodal (ResNet18),#4C8C68,resnet18,False,npu,False,1.0
201330_2013111015_forecast-12h_png,201330,2013-11-10 15:00:00,forecast-12h,970.0,970.0,970.0,0.0,2,train,970.0,967.0,970.0,963.0,972.79736328125,947.0567016601562,998.5380249023438,951.1810302734375,994.4136962890625,torch_multimodal_resnet18_ascend,Multimodal (ResNet18),#4C8C68,resnet18,False,npu,False,1.0
201330_2013110618_forecast-12h_png,201330,2013-11-06 18:00:00,forecast-12h,912.5,905.0,920.0,15.0,2,train,905.0,907.0,920.0,900.0,941.461181640625,915.7205200195312,967.2018432617188,919.8448486328125,963.0775146484375,torch_multimodal_resnet18_ascend,Multimodal (ResNet18),#4C8C68,resnet18,False,npu,False,1.0
201330_2013110706_forecast-12h_png,201330,2013-11-07 06:00:00,forecast-12h,905.0,905.0,905.0,0.0,2,train,905.0,903.0,905.0,895.0,912.0555419921875,886.3148803710938,937.7962036132812,890.439208984375,933.671875,torch_multimodal_resnet18_ascend,Multimodal (ResNet18),#4C8C68,resnet18,False,npu,False,1.0
201330_2013110409_forecast-12h_png,201330,2013-11-04 09:00:00,forecast-12h,996.0,993.0,999.0,6.0,2,train,999.0,991.0,993.0,999.0,977.2384033203125,951.4977416992188,1002.9790649414062,955.6220703125,998.854736328125,torch_multimodal_resnet18_ascend,Multimodal (ResNet18),#4C8C68,resnet18,False,npu,False,1.0
201330_2013110603_forecast-12h_png,201330,2013-11-06 03:00:00,forecast-12h,937.5,935.0,940.0,5.0,2,train,940.0,924.0,935.0,925.0,967.4174194335938,941.6767578125,993.1580810546875,945.8010864257812,989.0337524414062,torch_multimodal_resnet18_ascend,Multimodal (ResNet18),#4C8C68,resnet18,False,npu,False,1.0
201330_2013110700_forecast-12h_png,201330,2013-11-07 00:00:00,forecast-12h,907.5,905.0,910.0,5.0,2,train,905.0,907.0,910.0,895.0,929.137939453125,903.3972778320312,954.8786010742188,907.5216064453125,950.7542724609375,torch_multimodal_resnet18_ascend,Multimodal (ResNet18),#4C8C68,resnet18,False,npu,False,1.0
201330_2013110915_forecast-12h_png,201330,2013-11-09 15:00:00,forecast-12h,949.0,948.0,950.0,2.0,2,train,948.0,950.0,950.0,945.0,971.9389038085938,946.1982421875,997.6795654296875,950.3225708007812,993.5552368164062,torch_multimodal_resnet18_ascend,Multimodal (ResNet18),#4C8C68,resnet18,False,npu,False,1.0
201330_2013110903_forecast-12h_png,201330,2013-11-09 03:00:00,forecast-12h,945.0,940.0,950.0,10.0,2,train,940.0,941.0,950.0,935.0,967.5219116210938,941.78125,993.2625732421875,945.9055786132812,989.1382446289062,torch_multimodal_resnet18_ascend,Multimodal (ResNet18),#4C8C68,resnet18,False,npu,False,1.0
201330_2013110621_forecast-12h_png,201330,2013-11-06 21:00:00,forecast-12h,910.0,905.0,915.0,10.0,2,train,905.0,907.0,915.0,898.0,939.679931640625,913.9392700195312,965.4205932617188,918.0635986328125,961.2962646484375,torch_multimodal_resnet18_ascend,Multimodal (ResNet18),#4C8C68,resnet18,False,npu,False,1.0
201330_2013110909_forecast-12h_png,201330,2013-11-09 09:00:00,forecast-12h,946.5,943.0,950.0,7.0,2,train,943.0,946.0,950.0,938.0,968.4547119140625,942.7140502929688,994.1953735351562,946.83837890625,990.071044921875,torch_multimodal_resnet18_ascend,Multimodal (ResNet18),#4C8C68,resnet18,False,npu,False,1.0
201330_2013110809_forecast-12h_png,201330,2013-11-08 09:00:00,forecast-12h,937.5,935.0,940.0,5.0,2,train,940.0,920.0,935.0,913.0,910.3349609375,884.5942993164062,936.0756225585938,888.7186279296875,931.9512939453125,torch_multimodal_resnet18_ascend,Multimodal (ResNet18),#4C8C68,resnet18,False,npu,False,1.0
201330_2013111012_forecast-12h_png,201330,2013-11-10 12:00:00,forecast-12h,965.0,965.0,965.0,0.0,2,train,965.0,963.0,965.0,955.0,977.4115600585938,951.6708984375,1003.1522216796875,955.7952270507812,999.0278930664062,torch_multimodal_resnet18_ascend,Multimodal (ResNet18),#4C8C68,resnet18,False,npu,False,1.0
201330_2013110921_forecast-12h_png,201330,2013-11-09 21:00:00,forecast-12h,953.0,953.0,953.0,0.0,2,train,953.0,954.0,953.0,953.0,968.2246704101562,942.4840087890625,993.96533203125,946.6083374023438,989.8410034179688,torch_multimodal_resnet18_ascend,Multimodal (ResNet18),#4C8C68,resnet18,False,npu,False,1.0
201330_2013110406_forecast-12h_png,201330,2013-11-04 06:00:00,forecast-12h,997.5,995.0,1000.0,5.0,2,train,1000.0,993.0,995.0,1000.0,985.0048828125,959.2642211914062,1010.7455444335938,963.3885498046875,1006.6212158203125,torch_multimodal_resnet18_ascend,Multimodal (ResNet18),#4C8C68,resnet18,False,npu,False,1.0
201330_2013111018_forecast-12h_png,201330,2013-11-10 18:00:00,forecast-12h,975.0,975.0,975.0,0.0,2,train,975.0,970.0,975.0,970.0,963.9737548828125,938.2330932617188,989.7144165039062,942.357421875,985.590087890625,torch_multimodal_resnet18_ascend,Multimodal (ResNet18),#4C8C68,resnet18,False,npu,False,1.0
201330_2013110703_forecast-12h_png,201330,2013-11-07 03:00:00,forecast-12h,906.5,905.0,908.0,3.0,2,train,905.0,905.0,908.0,895.0,915.8048095703125,890.0641479492188,941.5454711914062,894.1884765625,937.421142578125,torch_multimodal_resnet18_ascend,Multimodal (ResNet18),#4C8C68,resnet18,False,npu,False,1.0
201330_2013110418_forecast-12h_png,201330,2013-11-04 18:00:00,forecast-12h,988.5,985.0,992.0,7.0,2,train,992.0,982.0,985.0,992.0,979.9810791015625,954.2404174804688,1005.7217407226562,958.36474609375,1001.597412109375,torch_multimodal_resnet18_ascend,Multimodal (ResNet18),#4C8C68,resnet18,False,npu,False,1.0
201330_2013110415_forecast-12h_png,201330,2013-11-04 15:00:00,forecast-12h,991.5,988.0,995.0,7.0,2,train,995.0,986.0,988.0,995.0,979.3399658203125,953.5993041992188,1005.0806274414062,957.7236328125,1000.956298828125,torch_multimodal_resnet18_ascend,Multimodal (ResNet18),#4C8C68,resnet18,False,npu,False,1.0
201330_2013110709_forecast-12h_png,201330,2013-11-07 09:00:00,forecast-12h,900.0,900.0,900.0,0.0,2,train,900.0,899.0,900.0,895.0,913.3635864257812,887.6229248046875,939.104248046875,891.7472534179688,934.9799194335938,torch_multimodal_resnet18_ascend,Multimodal (ResNet18),#4C8C68,resnet18,False,npu,False,1.0
201330_2013110600_forecast-12h_png,201330,2013-11-06 00:00:00,forecast-12h,942.5,935.0,950.0,15.0,2,train,950.0,926.0,935.0,930.0,973.0960083007812,947.3553466796875,998.836669921875,951.4796752929688,994.7123413085938,torch_multimodal_resnet18_ascend,Multimodal (ResNet18),#4C8C68,resnet18,False,npu,False,1.0
201330_2013110815_forecast-12h_png,201330,2013-11-08 15:00:00,forecast-12h,942.5,940.0,945.0,5.0,2,train,940.0,930.0,945.0,920.0,936.8987426757812,911.1580810546875,962.639404296875,915.2824096679688,958.5150756835938,torch_multimodal_resnet18_ascend,Multimodal (ResNet18),#4C8C68,resnet18,False,npu,False,1.0
201330_2013110606_forecast-12h_png,201330,2013-11-06 06:00:00,forecast-12h,932.5,930.0,935.0,5.0,2,train,930.0,922.0,935.0,920.0,959.6320190429688,933.891357421875,985.3726806640625,938.0156860351562,981.2483520507812,torch_multimodal_resnet18_ascend,Multimodal (ResNet18),#4C8C68,resnet18,False,npu,False,1.0
201330_2013110612_forecast-12h_png,201330,2013-11-06 12:00:00,forecast-12h,920.0,920.0,920.0,0.0,2,train,920.0,911.0,920.0,910.0,939.9994506835938,914.2587890625,965.7401123046875,918.3831176757812,961.6157836914062,torch_multimodal_resnet18_ascend,Multimodal (ResNet18),#4C8C68,resnet18,False,npu,False,1.0
201330_2013110821_forecast-12h_png,201330,2013-11-08 21:00:00,forecast-12h,945.0,940.0,950.0,10.0,2,train,940.0,935.0,950.0,930.0,977.7974243164062,952.0567626953125,1003.5380859375,956.1810913085938,999.4137573242188,torch_multimodal_resnet18_ascend,Multimodal (ResNet18),#4C8C68,resnet18,False,npu,False,1.0
201330_2013110918_forecast-12h_png,201330,2013-11-09 18:00:00,forecast-12h,950.0,950.0,950.0,0.0,2,train,950.0,952.0,950.0,950.0,973.0178833007812,947.2772216796875,998.758544921875,951.4015502929688,994.6342163085938,torch_multimodal_resnet18_ascend,Multimodal (ResNet18),#4C8C68,resnet18,False,npu,False,1.0
201330_2013110806_forecast-12h_png,201330,2013-11-08 06:00:00,forecast-12h,935.0,930.0,940.0,10.0,2,train,940.0,914.0,930.0,910.0,909.8270874023438,884.08642578125,935.5677490234375,888.2107543945312,931.4434204101562,torch_multimodal_resnet18_ascend,Multimodal (ResNet18),#4C8C68,resnet18,False,npu,False,1.0
201330_2013110800_forecast-12h_png,201330,2013-11-08 00:00:00,forecast-12h,905.0,900.0,910.0,10.0,2,train,910.0,899.0,900.0,900.0,912.1654663085938,886.4248046875,937.9061279296875,890.5491333007812,933.7817993164062,torch_multimodal_resnet18_ascend,Multimodal (ResNet18),#4C8C68,resnet18,False,npu,False,1.0
201330_2013110912_forecast-12h_png,201330,2013-11-09 12:00:00,forecast-12h,947.5,945.0,950.0,5.0,2,train,945.0,948.0,950.0,940.0,968.7977294921875,943.0570678710938,994.5383911132812,947.181396484375,990.4140625,torch_multimodal_resnet18_ascend,Multimodal (ResNet18),#4C8C68,resnet18,False,npu,False,1.0
201330_2013111103_forecast-12h_png,201330,2013-11-11 03:00:00,forecast-12h,992.5,988.0,997.0,9.0,2,train,997.0,984.0,988.0,980.0,967.5671997070312,941.8265380859375,993.307861328125,945.9508666992188,989.1835327148438,torch_multimodal_resnet18_ascend,Multimodal (ResNet18),#4C8C68,resnet18,False,npu,False,1.0
201330_2013110615_forecast-12h_png,201330,2013-11-06 15:00:00,forecast-12h,916.5,913.0,920.0,7.0,2,train,913.0,909.0,920.0,905.0,940.715576171875,914.9749145507812,966.4562377929688,919.0992431640625,962.3319091796875,torch_multimodal_resnet18_ascend,Multimodal (ResNet18),#4C8C68,resnet18,False,npu,False,1.0
201330_2013110512_forecast-12h_png,201330,2013-11-05 12:00:00,forecast-12h,967.5,960.0,975.0,15.0,2,train,975.0,956.0,960.0,970.0,974.0948486328125,948.3541870117188,999.8355102539062,952.478515625,995.711181640625,torch_multimodal_resnet18_ascend,Multimodal (ResNet18),#4C8C68,resnet18,False,npu,False,1.0
201330_2013111003_forecast-12h_png,201330,2013-11-10 03:00:00,forecast-12h,958.0,958.0,958.0,0.0,2,train,958.0,960.0,958.0,955.0,970.3013916015625,944.5607299804688,996.0420532226562,948.68505859375,991.917724609375,torch_multimodal_resnet18_ascend,Multimodal (ResNet18),#4C8C68,resnet18,False,npu,False,1.0
201330_2013110403_forecast-12h_png,201330,2013-11-04 03:00:00,forecast-12h,999.5,998.0,1001.0,3.0,2,train,1001.0,995.0,998.0,1001.0,990.1234130859375,964.3827514648438,1015.8640747070312,968.507080078125,1011.73974609375,torch_multimodal_resnet18_ascend,Multimodal (ResNet18),#4C8C68,resnet18,False,npu,False,1.0
201330_2013110506_forecast-12h_png,201330,2013-11-05 06:00:00,forecast-12h,975.0,970.0,980.0,10.0,2,train,980.0,967.0,970.0,980.0,978.2525634765625,952.5119018554688,1003.9932250976562,956.63623046875,999.868896484375,torch_multimodal_resnet18_ascend,Multimodal (ResNet18),#4C8C68,resnet18,False,npu,False,1.0
201330_2013110715_forecast-12h_png,201330,2013-11-07 15:00:00,forecast-12h,894.0,893.0,895.0,2.0,2,train,895.0,895.0,893.0,893.0,914.9418334960938,889.201171875,940.6824951171875,893.3255004882812,936.5581665039062,torch_multimodal_resnet18_ascend,Multimodal (ResNet18),#4C8C68,resnet18,False,npu,False,1.0
201330_2013111021_forecast-12h_png,201330,2013-11-10 21:00:00,forecast-12h,980.5,978.0,983.0,5.0,2,train,983.0,974.0,978.0,973.0,964.9595336914062,939.2188720703125,990.7001953125,943.3432006835938,986.5758666992188,torch_multimodal_resnet18_ascend,Multimodal (ResNet18),#4C8C68,resnet18,False,npu,False,1.0
201330_2013110803_forecast-12h_png,201330,2013-11-08 03:00:00,forecast-12h,920.0,915.0,925.0,10.0,2,train,925.0,907.0,915.0,905.0,909.6934814453125,883.9528198242188,935.4341430664062,888.0771484375,931.309814453125,torch_multimodal_resnet18_ascend,Multimodal (ResNet18),#4C8C68,resnet18,False,npu,False,1.0
201330_2013110521_forecast-12h_png,201330,2013-11-05 21:00:00,forecast-12h,950.5,943.0,958.0,15.0,2,train,958.0,934.0,943.0,943.0,973.9512939453125,948.2106323242188,999.6919555664062,952.3349609375,995.567626953125,torch_multimodal_resnet18_ascend,Multimodal (ResNet18),#4C8C68,resnet18,False,npu,False,1.0
201330_2013110515_forecast-12h_png,201330,2013-11-05 15:00:00,forecast-12h,962.5,955.0,970.0,15.0,2,train,970.0,949.0,955.0,963.0,975.2056884765625,949.4650268554688,1000.9463500976562,953.58935546875,996.822021484375,torch_multimodal_resnet18_ascend,Multimodal (ResNet18),#4C8C68,resnet18,False,npu,False,1.0
201330_2013110718_forecast-12h_png,201330,2013-11-07 18:00:00,forecast-12h,892.5,890.0,895.0,5.0,2,train,895.0,895.0,890.0,890.0,913.7745361328125,888.0338745117188,939.5151977539062,892.158203125,935.390869140625,torch_multimodal_resnet18_ascend,Multimodal (ResNet18),#4C8C68,resnet18,False,npu,False,1.0
201330_2013111106_forecast-12h_png,201330,2013-11-11 06:00:00,forecast-12h,999.5,995.0,1004.0,9.0,2,train,1004.0,989.0,995.0,984.0,975.2902221679688,949.549560546875,1001.0308837890625,953.6738891601562,996.9065551757812,torch_multimodal_resnet18_ascend,Multimodal (ResNet18),#4C8C68,resnet18,False,npu,False,1.0
201330_2013110812_forecast-12h_png,201330,2013-11-08 12:00:00,forecast-12h,940.0,940.0,940.0,0.0,2,train,940.0,926.0,940.0,915.0,911.5360717773438,885.79541015625,937.2767333984375,889.9197387695312,933.1524047851562,torch_multimodal_resnet18_ascend,Multimodal (ResNet18),#4C8C68,resnet18,False,npu,False,1.0
201330_2013110721_forecast-12h_png,201330,2013-11-07 21:00:00,forecast-12h,899.0,895.0,903.0,8.0,2,train,903.0,897.0,895.0,895.0,913.7095947265625,887.9689331054688,939.4502563476562,892.09326171875,935.325927734375,torch_multimodal_resnet18_ascend,Multimodal (ResNet18),#4C8C68,resnet18,False,npu,False,1.0
201330_2013110421_forecast-12h_png,201330,2013-11-04 21:00:00,forecast-12h,986.0,983.0,989.0,6.0,2,train,989.0,976.0,983.0,989.0,979.892333984375,954.1516723632812,1005.6329956054688,958.2760009765625,1001.5086669921875,torch_multimodal_resnet18_ascend,Multimodal (ResNet18),#4C8C68,resnet18,False,npu,False,1.0
201330_2013110609_forecast-12h_png,201330,2013-11-06 09:00:00,forecast-12h,926.5,925.0,928.0,3.0,2,train,925.0,917.0,928.0,915.0,948.2588500976562,922.5181884765625,973.99951171875,926.6425170898438,969.8751831054688,torch_multimodal_resnet18_ascend,Multimodal (ResNet18),#4C8C68,resnet18,False,npu,False,1.0
201330_2013110900_forecast-12h_png,201330,2013-11-09 00:00:00,forecast-12h,945.0,940.0,950.0,10.0,2,train,940.0,937.0,950.0,935.0,971.0740966796875,945.3334350585938,996.8147583007812,949.457763671875,992.6904296875,torch_multimodal_resnet18_ascend,Multimodal (ResNet18),#4C8C68,resnet18,False,npu,False,1.0
201330_2013110712_forecast-12h_png,201330,2013-11-07 12:00:00,forecast-12h,895.0,895.0,895.0,0.0,2,train,895.0,895.0,895.0,895.0,914.9133911132812,889.1727294921875,940.654052734375,893.2970581054688,936.5297241210938,torch_multimodal_resnet18_ascend,Multimodal (ResNet18),#4C8C68,resnet18,False,npu,False,1.0
201330_2013110509_forecast-12h_png,201330,2013-11-05 09:00:00,forecast-12h,971.5,965.0,978.0,13.0,2,train,978.0,962.0,965.0,975.0,976.927490234375,951.1868286132812,1002.6681518554688,955.3111572265625,998.5438232421875,torch_multimodal_resnet18_ascend,Multimodal (ResNet18),#4C8C68,resnet18,False,npu,False,1.0
201330_2013110518_forecast-12h_png,201330,2013-11-05 18:00:00,forecast-12h,957.5,950.0,965.0,15.0,2,train,965.0,941.0,950.0,955.0,974.371337890625,948.6306762695312,1000.1119995117188,952.7550048828125,995.9876708984375,torch_multimodal_resnet18_ascend,Multimodal (ResNet18),#4C8C68,resnet18,False,npu,False,1.0
201330_2013111006_forecast-12h_png,201330,2013-11-10 06:00:00,forecast-12h,960.0,960.0,960.0,0.0,2,train,960.0,963.0,960.0,955.0,971.2012329101562,945.4605712890625,996.94189453125,949.5848999023438,992.8175659179688,torch_multimodal_resnet18_ascend,Multimodal (ResNet18),#4C8C68,resnet18,False,npu,False,1.0
201330_2013111000_forecast-12h_png,201330,2013-11-10 00:00:00,forecast-12h,955.0,955.0,955.0,0.0,2,train,955.0,956.0,955.0,955.0,965.5164184570312,939.7757568359375,991.257080078125,943.9000854492188,987.1327514648438,torch_multimodal_resnet18_ascend,Multimodal (ResNet18),#4C8C68,resnet18,False,npu,False,1.0
201330_2013110412_forecast-12h_png,201330,2013-11-04 12:00:00,forecast-12h,994.0,990.0,998.0,8.0,2,train,998.0,989.0,990.0,998.0,975.7146606445312,949.9739990234375,1001.455322265625,954.0983276367188,997.3309936523438,torch_multimodal_resnet18_ascend,Multimodal (ResNet18),#4C8C68,resnet18,False,npu,False,1.0
201330_2013110906_forecast-12h_png,201330,2013-11-09 06:00:00,forecast-12h,945.0,940.0,950.0,10.0,2,train,940.0,944.0,950.0,935.0,969.56884765625,943.8281860351562,995.3095092773438,947.9525146484375,991.1851806640625,torch_multimodal_resnet18_ascend,Multimodal (ResNet18),#4C8C68,resnet18,False,npu,False,1.0
201330_2013111100_forecast-12h_png,201330,2013-11-11 00:00:00,forecast-12h,985.0,980.0,990.0,10.0,2,train,990.0,978.0,980.0,975.0,968.6585083007812,942.9178466796875,994.399169921875,947.0421752929688,990.2748413085938,torch_multimodal_resnet18_ascend,Multimodal (ResNet18),#4C8C68,resnet18,False,npu,False,1.0
201330_2013110400_forecast-12h_png,201330,2013-11-04 00:00:00,forecast-12h,1001.0,1000.0,1002.0,2.0,2,train,1002.0,996.0,1000.0,1002.0,990.0601196289062,964.3194580078125,1015.80078125,968.4437866210938,1011.6764526367188,torch_multimodal_resnet18_ascend,Multimodal (ResNet18),#4C8C68,resnet18,False,npu,False,1.0
201330_2013110503_forecast-12h_png,201330,2013-11-05 03:00:00,forecast-12h,979.0,975.0,983.0,8.0,2,train,983.0,969.0,975.0,983.0,980.7243041992188,954.983642578125,1006.4649658203125,959.1079711914062,1002.3406372070312,torch_multimodal_resnet18_ascend,Multimodal (ResNet18),#4C8C68,resnet18,False,npu,False,1.0
201330_2013110500_forecast-12h_png,201330,2013-11-05 00:00:00,forecast-12h,982.5,980.0,985.0,5.0,2,train,985.0,970.0,980.0,985.0,982.5875854492188,956.846923828125,1008.3282470703125,960.9712524414062,1004.2039184570312,torch_multimodal_resnet18_ascend,Multimodal (ResNet18),#4C8C68,resnet18,False,npu,False,1.0
